Year,Threat_Category,Layer,Severity,Incident_Count,Mitigation_Effectiveness,Reported_Cases
2019,Phishing,PaaS,High,19,5.7,24
2023,Phishing,SaaS,Low,30,5.9,37
2023,Insider Threat,SaaS,Low,21,5.9,9
2024,Malware Injection,PaaS,Medium,57,4.3,68
2023,Phishing,IaaS,Medium,42,6.1,42
2024,Phishing,SaaS,Low,26,6.0,14
2021,Data Breach,PaaS,Low,43,8.2,49
2022,Phishing,IaaS,High,57,4.4,37
2020,Insider Threat,IaaS,Low,20,7.3,19
2021,Phishing,SaaS,Medium,30,4.4,15
2021,Insider Threat,PaaS,Medium,37,4.9,33
2019,Misconfiguration,IaaS,Low,30,6.5,23
2024,Malware Injection,IaaS,Low,17,7.9,16
2019,Misconfiguration,SaaS,Medium,43,5.0,23
2021,DDoS Attack,IaaS,Medium,41,6.3,34
2024,Data Breach,PaaS,Low,22,7.1,21
2022,Container Escape,IaaS,Low,37,5.7,38
2021,Zero-Day Vulnerability,SaaS,Medium,33,6.8,21
2019,DDoS Attack,SaaS,Medium,57,2.6,52
2022,Data Breach,SaaS,Medium,54,4.6,52
2019,Misconfiguration,PaaS,Low,18,7.5,15
2020,Container Escape,IaaS,Low,18,5.4,22
2024,Misconfiguration,IaaS,Medium,8,5.1,6
2021,Phishing,IaaS,Medium,42,10.0,38
2022,Supply Chain Compromise,IaaS,Low,18,6.6,7
2021,Malware Injection,SaaS,Low,1,5.6,1
2019,Zero-Day Vulnerability,PaaS,Medium,67,5.7,82
2024,Zero-Day Vulnerability,IaaS,Medium,35,9.1,39
2024,Container Escape,SaaS,Low,29,7.0,36
2020,Data Breach,IaaS,Low,33,5.3,35
2024,Malware Injection,SaaS,Medium,38,7.7,37
2021,Container Escape,IaaS,Medium,27,5.8,16
2019,Data Breach,SaaS,Low,56,6.6,66
2019,Data Breach,IaaS,Medium,49,4.8,25
2024,DDoS Attack,IaaS,Low,1,8.2,0
2024,Insider Threat,PaaS,Low,31,6.7,33
2023,Data Breach,IaaS,High,64,3.1,53
2022,Insider Threat,SaaS,Low,10,6.2,8
2019,Insider Threat,IaaS,Low,60,7.5,56
2020,API Abuse,SaaS,Medium,40,4.5,19
2020,Malware Injection,SaaS,Low,1,7.0,1
2023,Insider Threat,PaaS,Low,13,8.9,15
2020,Supply Chain Compromise,IaaS,Low,63,5.6,31
2024,DDoS Attack,PaaS,Low,12,9.8,6
2024,API Abuse,IaaS,Low,1,7.0,0
2023,DDoS Attack,IaaS,Low,48,7.9,36
2023,Container Escape,PaaS,High,75,2.7,42
2024,Zero-Day Vulnerability,IaaS,Medium,36,6.2,26
2024,Misconfiguration,IaaS,High,63,4.5,30
2024,Malware Injection,SaaS,High,59,3.2,57
2022,Phishing,IaaS,Medium,61,5.8,49
2023,Container Escape,PaaS,Low,1,6.6,0
2022,Zero-Day Vulnerability,IaaS,Low,28,6.7,28
2020,Zero-Day Vulnerability,SaaS,High,91,7.1,80
2024,Malware Injection,PaaS,High,56,3.5,36
2020,Phishing,IaaS,Medium,56,5.2,27
2022,Phishing,IaaS,High,33,3.9,36
2021,Misconfiguration,SaaS,Medium,35,3.8,32
2019,DDoS Attack,PaaS,Low,40,8.9,32
2023,Misconfiguration,SaaS,Medium,1,8.2,1
2024,Data Breach,IaaS,Low,45,7.8,49
2020,Insider Threat,IaaS,High,59,4.4,42
2022,Container Escape,IaaS,Low,10,8.7,7
2019,Phishing,PaaS,High,70,4.4,51
2022,API Abuse,PaaS,High,96,5.0,93
2019,Data Breach,PaaS,Medium,73,5.7,83
2021,Zero-Day Vulnerability,PaaS,Low,39,7.9,43
2022,Data Breach,SaaS,High,78,3.2,38
2022,API Abuse,PaaS,Medium,39,6.8,16
2020,Zero-Day Vulnerability,IaaS,Medium,42,6.9,41
2024,DDoS Attack,IaaS,Low,6,4.2,3
2020,Malware Injection,IaaS,High,58,3.5,59
2023,Malware Injection,IaaS,Low,16,9.2,18
2021,Data Breach,PaaS,Low,44,6.7,56
2023,Insider Threat,IaaS,Medium,32,6.3,33
2021,Data Breach,IaaS,Low,18,5.6,19
2020,Insider Threat,PaaS,Low,8,9.2,7
2022,Insider Threat,PaaS,High,52,4.7,39
2024,Supply Chain Compromise,IaaS,Low,49,7.4,38
2023,Insider Threat,PaaS,Low,1,5.9,0
2022,Container Escape,IaaS,Low,49,10.0,44
2021,Misconfiguration,PaaS,Medium,46,5.8,50
2021,Misconfiguration,PaaS,Medium,39,9.9,41
2022,Malware Injection,SaaS,Medium,20,5.2,13
2022,Malware Injection,PaaS,Low,34,8.2,15
2019,Zero-Day Vulnerability,IaaS,Low,1,8.6,0
2021,Malware Injection,SaaS,Low,2,8.5,1
2022,Container Escape,SaaS,High,59,4.8,60
2019,Phishing,IaaS,Medium,49,5.4,42
2021,Data Breach,IaaS,High,52,6.9,60
2023,API Abuse,IaaS,Low,41,6.5,44
2019,Supply Chain Compromise,PaaS,Low,21,5.8,9
2022,Zero-Day Vulnerability,IaaS,Medium,6,7.5,2
2020,Zero-Day Vulnerability,SaaS,Medium,45,5.2,48
2022,DDoS Attack,IaaS,Medium,56,6.6,46
2022,Phishing,SaaS,Medium,21,5.0,24
2021,Container Escape,PaaS,Medium,48,4.0,58
2022,Insider Threat,IaaS,Low,12,8.3,14
2023,Supply Chain Compromise,IaaS,Medium,54,5.4,55
2022,Insider Threat,SaaS,Medium,30,7.6,36
2022,Phishing,SaaS,Medium,47,3.7,49
2023,Supply Chain Compromise,PaaS,Medium,27,8.2,17
2023,Phishing,PaaS,Low,1,4.7,1
2024,Supply Chain Compromise,SaaS,Medium,59,2.5,65
2022,DDoS Attack,PaaS,High,83,5.0,35
2019,Container Escape,IaaS,Low,4,7.6,4
2019,Malware Injection,PaaS,High,43,4.4,41
2020,Malware Injection,IaaS,Medium,43,4.4,32
2023,Malware Injection,PaaS,Low,43,3.6,50
2024,Zero-Day Vulnerability,PaaS,Low,26,6.8,14
2023,DDoS Attack,IaaS,Medium,86,6.7,57
2023,Supply Chain Compromise,IaaS,Medium,52,2.6,63
2020,Supply Chain Compromise,IaaS,Low,40,5.5,16
2020,Supply Chain Compromise,PaaS,Low,1,6.7,1
2022,Misconfiguration,IaaS,High,25,1.0,30
2020,Misconfiguration,PaaS,Medium,22,6.0,13
2020,Container Escape,IaaS,High,77,4.7,85
2022,Phishing,PaaS,Medium,25,7.6,28
2023,API Abuse,SaaS,Low,41,8.4,40
2020,API Abuse,PaaS,Low,1,8.6,0
2020,DDoS Attack,IaaS,Low,26,5.8,17
2019,DDoS Attack,IaaS,Low,12,8.8,7
2024,Container Escape,IaaS,Low,42,7.2,49
2019,DDoS Attack,PaaS,Medium,62,2.8,68
2021,Malware Injection,IaaS,Low,1,3.8,1
2021,Zero-Day Vulnerability,IaaS,High,49,1.9,50
2020,Data Breach,IaaS,Low,32,7.6,18
2023,DDoS Attack,IaaS,Medium,71,7.2,66
2023,Malware Injection,IaaS,High,64,7.2,70
2024,Malware Injection,IaaS,High,91,2.2,117
2019,Container Escape,SaaS,Low,37,8.2,22
2022,Supply Chain Compromise,IaaS,Low,1,7.7,0
2023,Data Breach,PaaS,Medium,74,8.4,88
2019,Misconfiguration,IaaS,Low,22,5.6,18
2019,API Abuse,IaaS,Low,31,9.9,15
2022,Malware Injection,SaaS,Medium,32,3.7,14
2021,Misconfiguration,IaaS,Medium,32,2.5,29
2019,Zero-Day Vulnerability,SaaS,Low,10,5.9,7
2023,Insider Threat,PaaS,Medium,12,5.3,9
2024,Misconfiguration,IaaS,Medium,25,5.9,12
2023,Malware Injection,IaaS,Medium,14,6.0,7
2023,Data Breach,SaaS,High,31,1.9,32
2022,Malware Injection,IaaS,Medium,1,7.6,1
2024,Misconfiguration,IaaS,High,38,2.6,18
2019,Zero-Day Vulnerability,PaaS,Low,30,10.0,31
2024,Malware Injection,IaaS,Low,30,10.0,23
2019,Insider Threat,SaaS,Medium,35,7.0,26
2023,Data Breach,IaaS,Medium,61,2.2,37
2020,DDoS Attack,SaaS,High,84,2.8,47
2021,Misconfiguration,PaaS,Low,1,7.6,1
2020,Insider Threat,PaaS,Low,11,7.2,11
2020,Malware Injection,SaaS,High,33,2.0,15
2021,Data Breach,IaaS,Medium,19,1.2,18
2021,Misconfiguration,IaaS,Low,33,6.7,30
2022,Phishing,IaaS,Low,16,7.8,17
2019,Zero-Day Vulnerability,SaaS,Low,7,6.9,4
2020,Malware Injection,IaaS,Low,3,8.0,3
2019,Malware Injection,SaaS,Low,39,8.0,24
2020,Data Breach,SaaS,High,67,3.0,56
2021,Misconfiguration,PaaS,Low,15,7.3,18
2019,Supply Chain Compromise,SaaS,Low,9,8.1,5
2024,DDoS Attack,IaaS,High,78,5.6,63
2024,Supply Chain Compromise,PaaS,Low,36,2.8,38
2021,Supply Chain Compromise,IaaS,High,57,1.9,40
2019,Phishing,PaaS,Medium,64,6.2,78
2022,Supply Chain Compromise,PaaS,Low,25,5.2,11
2021,Supply Chain Compromise,IaaS,Low,34,7.0,41
2022,Container Escape,PaaS,Medium,24,4.8,19
2022,API Abuse,IaaS,Low,21,8.3,9
2024,Supply Chain Compromise,SaaS,Medium,44,6.5,43
2020,Container Escape,SaaS,Low,28,9.2,25
2019,Phishing,PaaS,High,53,5.5,37
2023,Supply Chain Compromise,PaaS,Low,42,7.7,41
2023,Insider Threat,IaaS,Low,5,9.4,5
2023,Zero-Day Vulnerability,PaaS,Low,23,6.8,15
2020,Insider Threat,SaaS,Low,1,8.1,1
2022,Insider Threat,IaaS,Medium,56,7.3,42
2021,Insider Threat,IaaS,Low,32,7.2,25
2020,API Abuse,SaaS,Low,27,8.7,26
2023,Container Escape,IaaS,High,52,5.0,66
2019,Phishing,SaaS,Medium,10,9.7,6
2022,Insider Threat,IaaS,Low,12,7.9,7
2022,Malware Injection,SaaS,Low,1,7.1,1
2019,Malware Injection,IaaS,Medium,30,3.6,38
2020,Data Breach,IaaS,Low,19,10.0,24
2022,DDoS Attack,IaaS,Medium,51,5.6,50
2021,Data Breach,SaaS,Low,19,6.8,16
2020,Insider Threat,PaaS,High,83,6.2,87
2019,API Abuse,IaaS,Medium,45,6.5,45
2023,Container Escape,SaaS,High,93,2.6,64
2020,Phishing,SaaS,Medium,36,5.1,42
2024,DDoS Attack,IaaS,Medium,58,3.8,23
2019,Supply Chain Compromise,SaaS,Low,61,6.8,33
2019,Data Breach,SaaS,High,57,3.5,27
2021,Container Escape,PaaS,Low,28,7.3,30
2023,Supply Chain Compromise,IaaS,Low,30,6.4,15
2023,DDoS Attack,IaaS,Low,33,8.7,42
2024,Data Breach,PaaS,Low,30,7.4,38
2024,Malware Injection,IaaS,Low,10,6.7,10
2019,Misconfiguration,PaaS,High,47,7.2,20
2024,Insider Threat,PaaS,Low,13,5.7,14
2021,Misconfiguration,IaaS,Low,1,7.8,0
2022,Insider Threat,IaaS,Low,9,5.1,8
2023,Data Breach,SaaS,Medium,45,7.2,20
2021,Zero-Day Vulnerability,PaaS,Low,56,5.8,27
2021,Zero-Day Vulnerability,PaaS,Low,18,7.0,12
2021,Container Escape,IaaS,Low,45,7.6,26
2023,Malware Injection,SaaS,Low,1,5.1,0
2021,Data Breach,SaaS,Medium,57,7.7,73
2021,DDoS Attack,PaaS,Low,40,6.3,45
2024,Data Breach,SaaS,Medium,55,5.6,50
2021,Data Breach,IaaS,Low,52,9.5,48
2022,Container Escape,PaaS,Low,22,7.3,27
2023,Container Escape,IaaS,Medium,35,8.1,34
2021,Misconfiguration,IaaS,Low,46,7.1,25
2022,Phishing,IaaS,Low,14,6.5,8
2022,Malware Injection,SaaS,Medium,62,6.5,77
2024,Container Escape,SaaS,Medium,39,5.5,39
2024,Misconfiguration,IaaS,Medium,1,1.8,0
2021,DDoS Attack,SaaS,Low,66,7.2,59
2019,Zero-Day Vulnerability,IaaS,Medium,54,1.9,68
2019,API Abuse,SaaS,Low,15,5.8,11
2019,Data Breach,SaaS,Medium,5,5.1,4
2024,Supply Chain Compromise,IaaS,Low,44,5.4,50
2019,Zero-Day Vulnerability,IaaS,High,76,3.6,62
2021,Insider Threat,IaaS,Medium,6,5.5,2
2022,Supply Chain Compromise,PaaS,Low,43,7.0,30
2020,DDoS Attack,SaaS,Low,63,7.8,29
2022,Insider Threat,SaaS,Medium,42,4.1,18
2020,Misconfiguration,SaaS,High,41,4.6,27
2022,API Abuse,IaaS,High,61,1.7,70
2024,Data Breach,PaaS,High,65,3.3,52
2024,DDoS Attack,SaaS,Low,36,6.6,45
2020,DDoS Attack,SaaS,Medium,64,2.9,74
2021,API Abuse,IaaS,Medium,38,6.4,45
2020,API Abuse,PaaS,Medium,32,5.0,23
2020,Container Escape,IaaS,Low,13,7.7,16
2024,Insider Threat,IaaS,Low,48,4.4,28
2021,Misconfiguration,SaaS,High,49,6.1,26
2024,DDoS Attack,IaaS,Medium,61,5.9,58
2023,Zero-Day Vulnerability,SaaS,Medium,72,2.8,51
2019,DDoS Attack,IaaS,Low,30,8.7,32
2019,Misconfiguration,IaaS,Low,1,7.5,0
2023,Zero-Day Vulnerability,PaaS,Low,13,6.8,6
2022,Supply Chain Compromise,PaaS,Medium,1,4.8,0
2022,Supply Chain Compromise,PaaS,Low,55,5.1,53
2022,DDoS Attack,SaaS,Medium,39,5.0,17
2023,Malware Injection,PaaS,Medium,32,8.0,37
2023,Insider Threat,IaaS,Medium,21,7.1,15
2022,Supply Chain Compromise,SaaS,Medium,25,3.3,14
2022,Phishing,IaaS,Low,1,7.2,1
2023,Zero-Day Vulnerability,IaaS,High,100,3.3,66
2020,Misconfiguration,SaaS,Medium,20,6.8,14
2023,Supply Chain Compromise,IaaS,Low,29,6.3,25
2023,Phishing,IaaS,Medium,14,6.0,15
2020,Supply Chain Compromise,SaaS,Low,35,9.2,28
2021,Container Escape,IaaS,Medium,52,8.9,26
2019,Supply Chain Compromise,IaaS,Low,33,4.7,40
2021,Supply Chain Compromise,PaaS,High,20,1.7,24
2023,API Abuse,SaaS,Medium,31,7.5,25
2021,Supply Chain Compromise,PaaS,Medium,29,7.2,14
2023,Zero-Day Vulnerability,SaaS,High,97,2.3,116
2019,Container Escape,PaaS,Low,25,9.2,17
2024,Misconfiguration,IaaS,Low,1,4.8,1
2023,Supply Chain Compromise,SaaS,Medium,63,4.3,71
2024,Zero-Day Vulnerability,SaaS,Low,9,6.0,5
2024,Zero-Day Vulnerability,SaaS,Low,1,8.3,0
2023,Phishing,SaaS,Low,1,5.0,0
2022,Misconfiguration,SaaS,Low,12,9.0,13
2023,DDoS Attack,IaaS,Medium,66,1.5,38
2022,Supply Chain Compromise,PaaS,High,56,3.7,71
2019,Supply Chain Compromise,PaaS,High,50,6.8,53
2024,DDoS Attack,PaaS,Low,54,6.7,35
2020,Phishing,SaaS,High,50,4.5,31
2020,Data Breach,SaaS,Low,1,10.0,0
2020,DDoS Attack,IaaS,Medium,71,6.8,87
2022,Malware Injection,SaaS,Low,34,7.8,22
2019,Insider Threat,SaaS,Low,34,7.6,35
2024,Supply Chain Compromise,SaaS,Medium,59,3.0,63
2022,Zero-Day Vulnerability,IaaS,Low,27,7.3,24
2024,Container Escape,SaaS,High,79,6.3,79
2020,Misconfiguration,IaaS,Medium,48,2.5,58
2019,API Abuse,IaaS,Medium,56,8.6,27
2022,Supply Chain Compromise,SaaS,Low,28,6.2,35
2021,Malware Injection,IaaS,Medium,52,2.8,51
2024,Malware Injection,IaaS,Low,5,5.7,4
2021,DDoS Attack,IaaS,High,67,4.4,83
2024,DDoS Attack,PaaS,Low,20,5.1,11
2022,Misconfiguration,SaaS,Low,18,4.6,22
2021,Phishing,PaaS,Medium,69,5.9,55
2019,Insider Threat,IaaS,High,14,3.0,12
2019,Data Breach,SaaS,High,60,2.9,33
2020,Zero-Day Vulnerability,IaaS,Low,64,6.2,29
2019,Data Breach,SaaS,Medium,50,5.6,59
2020,Insider Threat,PaaS,Medium,51,4.6,41
2019,Data Breach,SaaS,Low,56,6.6,64
2023,Container Escape,PaaS,High,75,3.0,50
2023,Zero-Day Vulnerability,PaaS,High,59,2.8,38
2021,Misconfiguration,PaaS,Medium,36,3.7,36
2022,Insider Threat,PaaS,Low,12,5.6,5
2024,Zero-Day Vulnerability,PaaS,Medium,51,4.7,42
2022,Supply Chain Compromise,PaaS,High,73,1.6,68
2024,Phishing,IaaS,Medium,17,1.4,14
2022,Supply Chain Compromise,SaaS,Medium,68,6.0,33
2022,DDoS Attack,PaaS,Medium,44,2.4,40
2024,Data Breach,SaaS,Low,37,7.1,36
2020,Supply Chain Compromise,SaaS,Low,29,7.9,31
2021,Malware Injection,SaaS,Low,14,7.6,8
2022,Misconfiguration,SaaS,High,50,4.9,58
2021,API Abuse,IaaS,Medium,47,4.0,37
2020,API Abuse,SaaS,High,56,5.3,38
2022,Misconfiguration,PaaS,Medium,30,5.9,32
2023,Container Escape,IaaS,Low,3,8.5,2
2019,Zero-Day Vulnerability,SaaS,Medium,61,4.8,34
2020,Insider Threat,IaaS,Low,2,7.9,0
2019,Malware Injection,IaaS,Medium,15,6.6,6
2021,Malware Injection,SaaS,Low,27,6.9,24
2023,Data Breach,IaaS,Medium,28,4.5,35
2024,Supply Chain Compromise,IaaS,Medium,20,7.9,8
2019,Container Escape,PaaS,Low,34,4.2,32
2022,Phishing,SaaS,Medium,20,7.2,18
2023,Zero-Day Vulnerability,IaaS,Low,38,4.9,21
2019,Malware Injection,SaaS,Low,12,8.1,14
2022,API Abuse,IaaS,Medium,42,4.7,53
2020,Misconfiguration,IaaS,High,1,6.1,0
2022,Misconfiguration,IaaS,Medium,53,3.6,61
2022,Supply Chain Compromise,PaaS,Low,11,6.3,8
2024,Data Breach,IaaS,Medium,73,4.0,43
2024,Malware Injection,IaaS,High,40,2.8,49
2019,Zero-Day Vulnerability,PaaS,High,37,3.3,37
2024,Container Escape,IaaS,Medium,54,5.6,37
2019,Malware Injection,PaaS,High,33,5.6,32
2020,Data Breach,SaaS,Medium,45,5.0,45
2019,DDoS Attack,IaaS,Low,44,6.6,38
2020,Zero-Day Vulnerability,IaaS,Medium,63,3.2,31
2021,DDoS Attack,IaaS,Medium,39,5.8,28
2024,Misconfiguration,PaaS,Low,1,7.5,0
2023,Data Breach,SaaS,High,87,4.4,94
2024,Zero-Day Vulnerability,SaaS,Medium,89,4.6,38
2021,Supply Chain Compromise,PaaS,Low,50,5.1,20
2019,Supply Chain Compromise,SaaS,Low,61,5.3,50
2019,Data Breach,IaaS,High,69,4.3,33
2022,Supply Chain Compromise,SaaS,Medium,52,4.2,44
2023,Malware Injection,PaaS,Low,18,3.3,15
2024,API Abuse,IaaS,Low,17,6.6,9
2023,Insider Threat,IaaS,Medium,51,6.0,36
2020,Phishing,PaaS,Low,26,5.7,15
2019,API Abuse,IaaS,Low,35,5.4,21
2023,Phishing,IaaS,High,22,3.1,22
2021,Phishing,SaaS,Low,21,7.6,18
2023,Data Breach,PaaS,Low,26,8.0,11
2024,Data Breach,IaaS,Low,6,7.3,4
2021,Container Escape,IaaS,Low,36,7.8,20
2020,Phishing,SaaS,High,46,3.8,31
2019,Phishing,SaaS,High,69,4.2,75
2023,Malware Injection,IaaS,High,82,1.0,89
2019,DDoS Attack,PaaS,Low,20,6.8,18
2022,Malware Injection,IaaS,Low,23,7.8,18
2021,Zero-Day Vulnerability,IaaS,Low,31,7.3,37
2024,Supply Chain Compromise,IaaS,Medium,51,4.1,43
2019,Data Breach,IaaS,Medium,69,6.2,43
2023,API Abuse,SaaS,High,48,2.6,41
2022,Data Breach,SaaS,Medium,44,5.3,22
2021,Misconfiguration,PaaS,Low,31,5.8,14
2022,Misconfiguration,IaaS,Medium,15,4.1,18
2020,Data Breach,IaaS,Medium,36,6.7,19
2023,Data Breach,SaaS,Medium,61,7.7,75
2024,DDoS Attack,IaaS,High,58,2.7,41
2023,Supply Chain Compromise,PaaS,Low,30,7.7,31
2022,DDoS Attack,IaaS,Medium,54,9.1,26
2023,API Abuse,PaaS,High,46,3.8,33
2024,Misconfiguration,IaaS,Low,15,5.7,11
2020,Data Breach,IaaS,Medium,35,5.1,30
2024,Phishing,IaaS,Medium,29,7.3,35
2024,Phishing,IaaS,Low,32,8.4,26
2019,DDoS Attack,PaaS,Low,28,7.2,29
2024,Malware Injection,PaaS,Medium,20,5.6,23
2019,DDoS Attack,PaaS,Low,34,10.0,26
2019,Data Breach,IaaS,Medium,31,3.9,37
2023,Phishing,IaaS,Low,1,9.0,0
2020,Container Escape,IaaS,Low,16,4.8,6
2024,Phishing,SaaS,Medium,1,6.6,0
2019,Container Escape,PaaS,Low,39,8.8,50
2023,DDoS Attack,IaaS,Low,44,7.9,24
2019,Phishing,PaaS,High,35,4.7,26
2023,DDoS Attack,IaaS,High,103,1.7,94
2021,Supply Chain Compromise,PaaS,Low,34,8.9,26
2019,Insider Threat,SaaS,Low,1,8.7,0
2023,DDoS Attack,PaaS,Low,46,8.9,54
2023,Malware Injection,IaaS,Low,1,6.5,0
2021,Misconfiguration,PaaS,Medium,35,8.8,45
2021,Data Breach,SaaS,Low,31,9.3,30
2024,Insider Threat,IaaS,Low,10,10.0,8
2021,Container Escape,IaaS,Low,39,3.6,46
2020,Insider Threat,IaaS,Medium,7,4.0,3
2022,DDoS Attack,IaaS,Medium,65,10.0,69
2019,DDoS Attack,PaaS,Medium,46,2.0,43
2020,API Abuse,IaaS,Low,28,9.5,26
2020,Phishing,SaaS,High,15,1.9,13
2023,Zero-Day Vulnerability,IaaS,High,52,6.8,40
2020,Misconfiguration,PaaS,Low,8,8.9,3
2024,API Abuse,IaaS,Low,43,7.0,52
2024,Phishing,IaaS,Medium,33,5.6,37
2024,Phishing,PaaS,Low,3,8.2,2
2020,Insider Threat,PaaS,Medium,47,2.2,27
2023,Misconfiguration,PaaS,Medium,31,4.7,28
2023,Misconfiguration,PaaS,Medium,22,6.0,21
2024,Misconfiguration,PaaS,Low,8,7.6,9
2022,Insider Threat,IaaS,Medium,9,2.6,10
2021,Misconfiguration,PaaS,Low,1,8.1,1
2021,Misconfiguration,IaaS,Low,35,7.4,25
2024,API Abuse,PaaS,Low,33,4.9,37
2024,Container Escape,SaaS,High,74,2.2,32
2024,API Abuse,SaaS,Medium,48,3.8,54
2023,Supply Chain Compromise,IaaS,Medium,64,6.8,41
2024,DDoS Attack,SaaS,High,71,3.3,57
2023,Supply Chain Compromise,IaaS,Low,6,5.3,3
2019,Zero-Day Vulnerability,PaaS,Low,53,6.5,38
2023,Insider Threat,SaaS,Low,25,7.7,28
2020,Insider Threat,PaaS,Medium,29,6.8,36
2024,Misconfiguration,SaaS,Low,12,7.0,10
2019,Supply Chain Compromise,IaaS,Low,29,7.5,36
2021,Data Breach,IaaS,Low,69,8.8,67
2023,API Abuse,IaaS,Medium,39,6.4,31
2024,DDoS Attack,PaaS,Medium,56,8.1,52
2020,Container Escape,IaaS,Low,44,7.5,18
2022,Misconfiguration,SaaS,High,24,5.0,24
2023,Malware Injection,IaaS,High,22,3.6,10
2023,Data Breach,IaaS,Low,20,8.8,16
2019,Supply Chain Compromise,SaaS,High,88,3.7,107
2021,DDoS Attack,PaaS,High,77,4.9,77
2022,Supply Chain Compromise,SaaS,Low,66,6.7,40
2023,Insider Threat,IaaS,High,17,3.2,18
2019,Zero-Day Vulnerability,PaaS,Low,56,9.4,67
2021,Malware Injection,SaaS,Low,1,8.9,0
2023,Misconfiguration,IaaS,Low,26,10.0,22
2023,Malware Injection,PaaS,Medium,17,4.1,10
2020,Malware Injection,IaaS,Medium,41,5.4,48
2020,Zero-Day Vulnerability,SaaS,Medium,61,6.0,70
2019,API Abuse,PaaS,High,40,1.1,49
2020,Container Escape,PaaS,Low,55,6.4,41
2024,Container Escape,IaaS,Medium,46,3.8,21
2023,Misconfiguration,PaaS,Medium,27,4.5,22
2020,Misconfiguration,PaaS,Medium,64,4.2,45
2022,Malware Injection,SaaS,Low,12,6.4,12
2021,Zero-Day Vulnerability,PaaS,Low,12,7.3,8
2019,Malware Injection,SaaS,High,76,5.2,32
2024,Container Escape,SaaS,Medium,48,6.5,54
2022,Phishing,PaaS,High,45,7.0,44
2023,API Abuse,IaaS,Low,38,7.4,22
2020,Misconfiguration,SaaS,Low,11,5.8,12
2020,Container Escape,PaaS,Low,22,5.1,11
2019,Container Escape,SaaS,Low,42,6.2,29
2022,Zero-Day Vulnerability,PaaS,Low,58,7.7,53
2024,DDoS Attack,SaaS,Low,47,6.9,51
2020,Zero-Day Vulnerability,IaaS,Medium,73,5.1,76
2022,Malware Injection,IaaS,High,80,3.3,82
2022,Insider Threat,PaaS,Medium,50,4.0,34
2019,DDoS Attack,SaaS,Low,37,6.9,47
2020,Data Breach,SaaS,High,68,5.3,48
2022,Insider Threat,PaaS,Low,33,7.4,16
2019,Insider Threat,IaaS,Low,4,7.5,3
2022,API Abuse,IaaS,High,33,1.7,42
2023,Malware Injection,PaaS,Medium,18,4.8,19
2021,API Abuse,PaaS,Low,1,8.2,0
2022,Container Escape,PaaS,Low,26,6.5,30
2020,Insider Threat,IaaS,Low,17,4.8,15
2020,Supply Chain Compromise,SaaS,Low,45,8.3,56
2024,API Abuse,PaaS,Medium,22,4.6,23
2019,Zero-Day Vulnerability,PaaS,Medium,60,7.1,58
2024,Insider Threat,IaaS,Low,6,8.0,4
2022,Supply Chain Compromise,IaaS,Low,49,8.0,22
2019,Phishing,IaaS,Low,6,6.3,4
2022,Phishing,SaaS,Medium,47,7.4,36
2023,Misconfiguration,IaaS,Low,32,6.8,24
2022,Misconfiguration,SaaS,Low,1,9.8,0
2021,Zero-Day Vulnerability,IaaS,Low,22,6.7,19
2022,DDoS Attack,IaaS,Low,43,8.4,38
2020,Zero-Day Vulnerability,IaaS,High,70,2.1,37
2024,API Abuse,PaaS,Medium,18,9.7,22
2021,Zero-Day Vulnerability,PaaS,Low,39,7.0,20
2021,API Abuse,IaaS,Medium,45,7.4,55
2021,Misconfiguration,PaaS,Low,29,6.3,23
2020,Data Breach,IaaS,High,55,4.4,71
2022,DDoS Attack,IaaS,Medium,23,4.0,23
2021,Misconfiguration,IaaS,Medium,44,3.4,39
2023,Malware Injection,PaaS,Medium,15,4.3,9
2022,DDoS Attack,SaaS,Low,15,6.4,9
2023,Supply Chain Compromise,IaaS,Medium,49,7.4,26
2019,Phishing,IaaS,High,40,3.4,21
2022,DDoS Attack,IaaS,High,58,2.8,28
2023,Misconfiguration,IaaS,Medium,24,6.9,21
2024,Data Breach,PaaS,Medium,70,5.6,59
2021,Malware Injection,PaaS,Medium,34,8.7,32
2023,Zero-Day Vulnerability,IaaS,Medium,31,8.6,14
2024,Misconfiguration,IaaS,Medium,22,4.4,14
2024,Misconfiguration,PaaS,Medium,21,5.0,26
2023,DDoS Attack,SaaS,Medium,18,1.0,8
2021,Phishing,PaaS,Low,15,9.1,9
2020,Malware Injection,SaaS,Medium,48,6.2,60
2020,DDoS Attack,IaaS,Low,1,6.7,0
2019,Misconfiguration,IaaS,Low,50,7.5,47
2022,Container Escape,SaaS,Low,1,7.2,1
2019,Phishing,PaaS,Low,14,8.7,10
2020,API Abuse,SaaS,Low,12,6.0,14
2023,Zero-Day Vulnerability,SaaS,Low,34,6.9,32
2024,Supply Chain Compromise,PaaS,Low,33,9.6,30
2023,Supply Chain Compromise,IaaS,High,61,8.3,46
2022,Data Breach,PaaS,Low,52,6.7,58
2022,Phishing,SaaS,High,19,3.2,18
2023,Zero-Day Vulnerability,IaaS,Low,22,6.7,23
2022,Container Escape,IaaS,Medium,56,7.3,66
2020,API Abuse,SaaS,High,62,6.7,29
2020,Container Escape,IaaS,Low,5,8.3,6
2023,Phishing,PaaS,Medium,41,3.4,23
2019,API Abuse,IaaS,Low,13,5.9,10
2021,Insider Threat,IaaS,Medium,28,5.8,15
2024,Container Escape,IaaS,Medium,33,7.2,29
2020,Data Breach,PaaS,High,61,3.2,29
2023,DDoS Attack,PaaS,Medium,53,9.7,58
2019,Container Escape,IaaS,Low,14,10.0,16
2021,Insider Threat,PaaS,Medium,19,7.7,7
2019,Misconfiguration,IaaS,Low,1,6.5,0
2024,DDoS Attack,SaaS,Low,13,5.5,6
2019,Phishing,PaaS,Medium,20,7.1,9
2023,Insider Threat,SaaS,Medium,45,8.9,45
2021,DDoS Attack,SaaS,Low,30,7.1,37
2023,Zero-Day Vulnerability,PaaS,Low,51,7.6,53
2019,Malware Injection,IaaS,Low,12,6.2,10
2021,Insider Threat,PaaS,Low,24,8.2,12
2022,API Abuse,SaaS,High,61,2.7,75
2024,Supply Chain Compromise,IaaS,Low,9,6.4,6
2020,Phishing,SaaS,Medium,89,5.2,36
2023,Zero-Day Vulnerability,IaaS,Low,27,8.5,27
2020,Data Breach,SaaS,Medium,47,6.2,39
2020,Supply Chain Compromise,IaaS,Medium,37,3.0,19
2021,API Abuse,IaaS,Low,21,6.2,19
2023,API Abuse,IaaS,Low,27,8.8,30
2022,Malware Injection,PaaS,High,58,5.6,48
2023,DDoS Attack,SaaS,Low,40,6.1,17
2019,DDoS Attack,PaaS,Low,5,6.7,3
2021,Data Breach,SaaS,High,89,3.8,83
2020,Insider Threat,PaaS,Medium,55,4.5,48
2019,Container Escape,IaaS,Medium,55,6.3,26
2019,Data Breach,PaaS,Medium,31,6.7,24
2021,Container Escape,PaaS,Medium,68,9.3,86
2021,Phishing,PaaS,Medium,24,5.9,16
2021,Zero-Day Vulnerability,SaaS,Medium,23,6.5,9
2021,Misconfiguration,IaaS,High,64,3.1,61
2021,Zero-Day Vulnerability,IaaS,Medium,34,7.4,23
2020,DDoS Attack,PaaS,Medium,25,4.1,29
2024,Supply Chain Compromise,SaaS,Medium,67,3.1,43
2023,DDoS Attack,IaaS,Low,23,5.9,27
2023,Zero-Day Vulnerability,PaaS,Low,37,6.5,18
2023,Misconfiguration,PaaS,Medium,29,7.3,21
2024,DDoS Attack,IaaS,Low,1,8.6,0
2022,Misconfiguration,PaaS,Medium,58,4.6,41
2020,Misconfiguration,PaaS,Low,1,6.6,0
2021,Data Breach,PaaS,High,81,3.0,44
2021,Misconfiguration,PaaS,Low,52,8.0,65
2019,Zero-Day Vulnerability,SaaS,High,82,4.9,83
2024,Misconfiguration,SaaS,Low,17,6.9,17
2020,API Abuse,IaaS,Medium,48,7.4,23
2019,Insider Threat,PaaS,Low,20,8.6,24
2019,Malware Injection,SaaS,Medium,34,5.5,16
2023,Insider Threat,IaaS,Medium,43,5.1,26
2021,Insider Threat,SaaS,Low,29,9.7,20
2020,Insider Threat,PaaS,Low,1,8.0,1
2023,API Abuse,SaaS,Medium,1,4.9,0
2023,DDoS Attack,PaaS,Low,28,7.4,26
2020,Zero-Day Vulnerability,IaaS,Low,30,5.3,21
2019,Insider Threat,SaaS,Low,1,4.9,0
2022,DDoS Attack,IaaS,High,52,3.5,63
2019,DDoS Attack,SaaS,Medium,48,4.4,31
2023,Phishing,SaaS,Medium,15,4.6,19
2023,Supply Chain Compromise,PaaS,Medium,33,6.5,26
2023,Malware Injection,SaaS,High,42,5.5,43
2019,Malware Injection,PaaS,Medium,43,8.3,36
2020,Misconfiguration,IaaS,High,57,1.0,64
2020,Phishing,SaaS,Low,17,8.6,15
2021,DDoS Attack,PaaS,Medium,100,3.8,112
2022,Insider Threat,IaaS,High,26,5.4,33
2021,API Abuse,SaaS,Medium,23,6.4,25
2022,Misconfiguration,SaaS,Low,16,7.3,12
2023,Data Breach,IaaS,High,60,5.8,24
2019,Supply Chain Compromise,IaaS,Medium,76,6.7,70
2023,Data Breach,IaaS,High,71,5.4,42
2019,Container Escape,PaaS,Medium,74,9.0,86
2021,Malware Injection,PaaS,Low,34,6.7,38
2024,Supply Chain Compromise,SaaS,Medium,70,5.1,59
2019,API Abuse,IaaS,High,70,6.4,58
2022,Malware Injection,IaaS,Medium,13,5.1,10
2020,Container Escape,IaaS,High,88,3.9,41
2019,Phishing,SaaS,Low,26,9.2,29
2024,Container Escape,PaaS,Medium,59,6.3,41
2020,Malware Injection,IaaS,Low,21,8.8,16
2023,Zero-Day Vulnerability,IaaS,Medium,36,6.6,14
2022,Data Breach,IaaS,Low,36,9.6,25
2022,Insider Threat,SaaS,Medium,58,5.2,31
2024,Container Escape,SaaS,Medium,65,4.9,74
2021,Insider Threat,PaaS,High,50,4.7,28
2020,Data Breach,SaaS,Medium,36,6.5,16
2022,Malware Injection,IaaS,High,51,3.5,21
2019,Malware Injection,IaaS,Low,1,7.4,0
2020,Zero-Day Vulnerability,SaaS,Low,38,5.4,22
2023,Container Escape,IaaS,Low,19,7.1,11
2024,API Abuse,SaaS,Medium,46,3.2,27
2021,Data Breach,IaaS,Medium,31,9.0,20
2019,Container Escape,SaaS,High,102,6.4,66
2024,DDoS Attack,PaaS,Low,1,6.3,0
2023,DDoS Attack,IaaS,High,71,6.6,30
2020,Insider Threat,IaaS,Medium,46,5.4,30
2022,DDoS Attack,IaaS,Low,1,7.4,0
2024,Insider Threat,IaaS,Low,20,6.8,15
2024,Phishing,SaaS,Medium,35,8.9,40
2024,Malware Injection,PaaS,High,43,6.1,41
2022,Misconfiguration,SaaS,Low,19,9.2,24
2022,Zero-Day Vulnerability,PaaS,Medium,45,4.4,41
2022,Misconfiguration,IaaS,High,80,4.1,89
2023,Supply Chain Compromise,IaaS,Low,25,7.7,12
2019,Phishing,IaaS,High,47,4.7,22
2023,Misconfiguration,PaaS,Medium,3,3.6,1
2020,Zero-Day Vulnerability,SaaS,Low,5,4.3,2
2020,Zero-Day Vulnerability,IaaS,Medium,38,5.6,37
2020,Insider Threat,SaaS,High,33,4.5,36
2021,Supply Chain Compromise,PaaS,Low,1,7.1,0
2021,Malware Injection,SaaS,Low,1,7.0,1
2022,Data Breach,IaaS,Medium,59,4.2,24
2023,Data Breach,PaaS,Medium,58,5.0,44
2019,Zero-Day Vulnerability,IaaS,Low,43,5.9,17
2019,Data Breach,PaaS,Medium,66,6.7,60
2024,Data Breach,PaaS,Low,35,8.1,27
2019,Zero-Day Vulnerability,PaaS,High,71,3.3,62
2022,DDoS Attack,PaaS,Medium,21,4.7,26
2022,Insider Threat,PaaS,Medium,4,4.9,2
2019,Supply Chain Compromise,PaaS,Low,26,6.3,26
2024,Insider Threat,PaaS,Medium,12,5.3,12
2022,Zero-Day Vulnerability,IaaS,Low,40,7.7,30
2021,Insider Threat,IaaS,High,68,5.7,32
2019,Supply Chain Compromise,IaaS,Medium,33,7.4,22
2020,Misconfiguration,IaaS,Medium,1,6.1,0
2019,Data Breach,IaaS,High,70,3.4,88
2019,DDoS Attack,PaaS,Medium,62,4.9,50
2020,API Abuse,IaaS,High,70,2.1,44
2022,Data Breach,PaaS,Medium,67,6.0,64
2023,Container Escape,PaaS,Low,34,7.8,38
2023,Phishing,PaaS,Low,1,6.6,1
2022,Misconfiguration,SaaS,Medium,57,7.1,42
2022,Container Escape,IaaS,Medium,54,7.0,42
2021,Zero-Day Vulnerability,SaaS,Low,16,6.9,14
2020,Misconfiguration,SaaS,Low,11,6.7,10
2020,Misconfiguration,IaaS,Medium,1,5.6,0
2021,Supply Chain Compromise,IaaS,Low,16,8.1,15
2023,Data Breach,SaaS,Low,30,5.5,19
2019,Supply Chain Compromise,SaaS,High,99,1.9,92
2020,API Abuse,SaaS,Low,25,7.7,12
2019,Insider Threat,IaaS,Low,22,5.3,17
2019,Data Breach,SaaS,Low,55,6.5,25
2022,Zero-Day Vulnerability,IaaS,Low,22,5.7,10
2022,Supply Chain Compromise,PaaS,Low,10,3.7,5
2019,Supply Chain Compromise,SaaS,High,75,2.9,35
2024,Container Escape,IaaS,Low,74,4.8,52
2019,Data Breach,PaaS,Low,73,9.2,64
2022,Data Breach,PaaS,Low,18,6.7,11
2024,Data Breach,SaaS,Low,41,5.5,25
2023,Supply Chain Compromise,IaaS,Medium,36,3.1,24
2021,API Abuse,SaaS,High,58,4.7,48
2022,API Abuse,PaaS,Low,9,7.4,4
2019,Container Escape,IaaS,High,93,3.9,74
2022,Phishing,IaaS,High,53,8.3,32
2021,Zero-Day Vulnerability,IaaS,Medium,67,4.2,59
2021,Supply Chain Compromise,SaaS,High,61,4.9,46
2021,Malware Injection,SaaS,Medium,16,4.4,8
2019,Phishing,IaaS,Medium,40,4.4,30
2021,Insider Threat,PaaS,Low,10,7.7,9
2021,Misconfiguration,IaaS,Medium,42,3.6,44
2019,Container Escape,PaaS,High,57,3.5,26
2023,Data Breach,IaaS,Medium,27,4.4,16
2020,Container Escape,PaaS,Medium,44,7.9,29
2022,Insider Threat,PaaS,Low,19,7.7,19
2019,Phishing,SaaS,Medium,52,8.1,56
2022,Misconfiguration,SaaS,Low,1,5.2,0
2022,Supply Chain Compromise,SaaS,Medium,53,5.2,68
2022,Data Breach,PaaS,Medium,52,4.3,55
2023,Insider Threat,PaaS,Medium,32,5.7,27
2019,Malware Injection,PaaS,Medium,24,5.2,10
2019,Container Escape,PaaS,Low,20,7.8,15
2019,Supply Chain Compromise,IaaS,Medium,62,7.0,57
2019,DDoS Attack,SaaS,Low,18,6.2,15
2022,Zero-Day Vulnerability,SaaS,Low,1,7.1,0
2024,Supply Chain Compromise,PaaS,Medium,35,3.4,45
2020,Zero-Day Vulnerability,SaaS,Medium,65,7.4,64
2023,Malware Injection,PaaS,Low,1,6.0,1
2024,Malware Injection,IaaS,Low,1,6.1,0
2021,Phishing,PaaS,High,51,4.8,25
2019,Malware Injection,IaaS,Low,28,6.7,13
2019,Insider Threat,PaaS,Medium,45,6.4,36
2023,Zero-Day Vulnerability,PaaS,Low,47,8.9,42
2019,Data Breach,PaaS,Low,36,5.7,20
2020,DDoS Attack,IaaS,Low,12,6.9,11
2024,Data Breach,PaaS,Low,19,5.6,20
2021,Phishing,IaaS,Low,77,7.0,76
2022,Phishing,SaaS,Medium,70,5.7,44
2021,Malware Injection,IaaS,Low,1,7.8,0
2019,Data Breach,PaaS,High,78,5.9,63
2022,API Abuse,IaaS,High,60,3.6,68
2024,Insider Threat,PaaS,Low,25,8.8,27
2022,API Abuse,PaaS,High,45,2.1,19
2022,Supply Chain Compromise,SaaS,Low,31,9.0,22
2019,Insider Threat,IaaS,High,48,4.7,28
2022,API Abuse,PaaS,Low,1,8.1,0
2022,Malware Injection,PaaS,Low,20,4.1,20
2023,Supply Chain Compromise,PaaS,High,65,6.5,33
2021,Misconfiguration,IaaS,High,60,4.1,67
2020,Zero-Day Vulnerability,SaaS,Low,51,9.3,56
2019,Malware Injection,IaaS,High,113,5.0,51
2023,Zero-Day Vulnerability,PaaS,Low,17,10.0,20
2024,Data Breach,SaaS,Low,52,9.3,24
2020,DDoS Attack,IaaS,Medium,50,6.6,25
2023,Misconfiguration,IaaS,Medium,38,4.2,45
2023,Misconfiguration,SaaS,Low,10,9.4,4
2021,Malware Injection,PaaS,High,23,5.8,24
2023,Zero-Day Vulnerability,PaaS,Medium,41,7.4,33
2023,Misconfiguration,IaaS,Low,35,7.7,30
2019,Data Breach,PaaS,Low,37,10.0,44
2020,DDoS Attack,PaaS,Low,55,5.8,63
2022,API Abuse,IaaS,Low,2,9.7,1
2019,Phishing,PaaS,Medium,19,2.8,10
2021,Phishing,IaaS,Medium,65,4.4,27
2022,Zero-Day Vulnerability,PaaS,Medium,50,4.5,59
2023,Data Breach,IaaS,Low,35,3.6,22
2024,Phishing,PaaS,Low,14,7.2,9
2022,Data Breach,PaaS,Low,31,6.1,17
2022,Data Breach,IaaS,Low,38,8.8,43
2019,Container Escape,PaaS,Medium,68,8.1,45
2021,Container Escape,IaaS,Low,25,7.2,12
2024,Supply Chain Compromise,IaaS,Medium,56,4.5,64
2022,API Abuse,PaaS,Medium,14,5.2,7
2023,Misconfiguration,IaaS,High,48,5.5,33
2020,API Abuse,IaaS,Low,4,6.6,5
2024,Zero-Day Vulnerability,SaaS,Low,43,7.0,36
2019,Insider Threat,PaaS,Low,1,8.5,0
2024,Insider Threat,SaaS,Low,20,10.0,21
2020,Data Breach,IaaS,Medium,60,5.0,77
2023,Data Breach,IaaS,Low,13,5.6,15
2019,Phishing,IaaS,Medium,12,3.8,6
2021,Container Escape,PaaS,Low,52,7.1,48
2023,Misconfiguration,SaaS,Low,12,9.3,9
2024,Zero-Day Vulnerability,SaaS,Low,35,9.1,38
2024,Malware Injection,PaaS,Medium,22,3.1,13
2024,Misconfiguration,SaaS,Low,1,6.9,0
2019,DDoS Attack,PaaS,High,104,4.3,46
2020,DDoS Attack,SaaS,Medium,55,3.9,70
2020,Zero-Day Vulnerability,PaaS,Low,37,5.6,14
2021,Insider Threat,IaaS,Medium,10,5.1,4
2021,Phishing,SaaS,Low,4,6.8,2
2022,Insider Threat,SaaS,Low,32,6.3,21
2019,Malware Injection,IaaS,Low,20,6.0,22
2024,DDoS Attack,PaaS,Low,34,8.0,39
2023,API Abuse,PaaS,Medium,42,5.4,41
2020,Malware Injection,IaaS,Medium,42,3.7,24
2019,API Abuse,PaaS,Low,20,5.7,19
2021,API Abuse,SaaS,Medium,8,4.6,9
2024,Zero-Day Vulnerability,IaaS,High,83,6.9,83
2023,Supply Chain Compromise,IaaS,Low,52,6.9,41
2022,Misconfiguration,IaaS,High,49,3.7,24
2022,Insider Threat,SaaS,Low,12,7.7,7
2019,Supply Chain Compromise,IaaS,Low,17,7.5,12
2019,Insider Threat,IaaS,Low,14,5.0,11
2021,DDoS Attack,IaaS,High,89,5.2,60
2024,Supply Chain Compromise,SaaS,High,21,4.0,24
2021,Malware Injection,IaaS,Medium,22,4.3,26
2021,Supply Chain Compromise,IaaS,Medium,64,6.3,45
2021,Malware Injection,IaaS,Low,20,6.1,13
2019,Insider Threat,IaaS,Low,26,7.5,30
2023,API Abuse,IaaS,Medium,40,8.3,32
2021,Malware Injection,PaaS,Medium,26,1.4,30
2021,Container Escape,PaaS,Low,24,9.1,26
2021,API Abuse,PaaS,Low,30,6.5,14
2022,Supply Chain Compromise,IaaS,Low,43,7.7,40
2021,API Abuse,PaaS,Low,28,10.0,23
2021,Data Breach,PaaS,Medium,30,5.8,13
2023,Container Escape,SaaS,Low,22,10.0,15
2021,API Abuse,IaaS,Low,64,5.7,64
2020,DDoS Attack,IaaS,Medium,83,6.9,91
2021,Zero-Day Vulnerability,IaaS,Low,1,5.6,1
2024,Data Breach,IaaS,Medium,1,3.5,1
2020,Misconfiguration,PaaS,High,70,2.9,59
2024,Misconfiguration,SaaS,Medium,38,4.2,37
2019,Misconfiguration,IaaS,Medium,37,4.7,14
2019,Supply Chain Compromise,IaaS,Low,1,5.8,0
2023,Insider Threat,IaaS,High,78,5.6,99
2024,Malware Injection,IaaS,Medium,26,5.3,21
2023,DDoS Attack,IaaS,High,84,4.7,47
2021,Supply Chain Compromise,SaaS,Medium,38,4.4,16
2020,Supply Chain Compromise,SaaS,Medium,39,5.2,30
2021,Misconfiguration,PaaS,Medium,41,5.3,32
2019,DDoS Attack,IaaS,Medium,41,6.8,42
2021,Zero-Day Vulnerability,PaaS,Medium,43,6.2,24
2024,Supply Chain Compromise,SaaS,High,54,6.0,54
2022,Phishing,IaaS,High,57,4.5,29
2023,Data Breach,SaaS,Low,50,7.6,37
2019,Container Escape,IaaS,Medium,44,5.2,25
2021,Phishing,SaaS,Low,31,6.0,25
2023,Insider Threat,IaaS,Low,13,7.0,8
2024,Phishing,PaaS,Low,1,5.6,0
2024,Insider Threat,PaaS,Low,4,9.9,3
2020,Misconfiguration,IaaS,Medium,86,5.8,45
2024,Misconfiguration,PaaS,Low,34,5.7,16
2019,Insider Threat,IaaS,High,48,7.3,38
2022,Zero-Day Vulnerability,PaaS,Medium,48,3.3,57
2023,Phishing,PaaS,Low,16,7.7,16
2024,Misconfiguration,SaaS,Low,1,8.1,0
2020,Supply Chain Compromise,IaaS,High,76,2.4,81
2019,Insider Threat,SaaS,Low,24,7.2,28
2022,Supply Chain Compromise,IaaS,Low,19,10.0,12
2022,Phishing,PaaS,Medium,34,5.5,18
2023,Container Escape,PaaS,Medium,25,6.5,11
2020,Misconfiguration,SaaS,Medium,23,6.8,25
2023,Insider Threat,PaaS,Low,1,5.2,1
2022,Zero-Day Vulnerability,IaaS,High,51,1.0,53
2020,Data Breach,IaaS,Medium,29,2.9,11
2019,Container Escape,IaaS,Low,30,6.1,13
2020,Container Escape,SaaS,Medium,71,5.1,41
2023,Malware Injection,SaaS,High,65,1.1,35
2020,Container Escape,IaaS,Medium,44,4.0,21
2021,DDoS Attack,SaaS,Medium,28,3.2,16
2024,Data Breach,PaaS,Low,10,8.0,9
2020,Phishing,IaaS,Low,8,7.9,7
2024,Phishing,PaaS,Low,1,8.0,1
2023,Data Breach,IaaS,Medium,72,6.5,57
2022,API Abuse,SaaS,High,58,4.0,55
2023,Supply Chain Compromise,IaaS,Medium,48,4.6,55
2019,DDoS Attack,PaaS,Medium,51,7.5,29
2022,Malware Injection,SaaS,Low,29,6.7,21
2021,Zero-Day Vulnerability,SaaS,Low,35,9.0,44
2023,Zero-Day Vulnerability,PaaS,Medium,59,8.4,38
2019,Misconfiguration,PaaS,Medium,17,6.7,9
2024,Container Escape,IaaS,High,104,3.7,75
2021,Zero-Day Vulnerability,PaaS,Low,15,8.9,12
2022,API Abuse,IaaS,Medium,1,5.6,1
2024,Data Breach,PaaS,Low,21,7.6,16
2022,Phishing,PaaS,High,61,3.4,66
2024,Container Escape,IaaS,High,58,3.2,56
2022,Malware Injection,SaaS,Medium,38,6.5,36
2023,Malware Injection,PaaS,Low,19,7.8,21
2021,Data Breach,PaaS,Medium,37,4.5,45
2020,Insider Threat,SaaS,Low,1,7.3,0
2019,Supply Chain Compromise,PaaS,Medium,21,5.9,12
2023,API Abuse,SaaS,Low,1,8.4,0
2021,Malware Injection,PaaS,Low,1,6.6,1
2023,Insider Threat,PaaS,Low,7,8.8,8
2019,Malware Injection,PaaS,High,69,3.7,33
2024,Supply Chain Compromise,IaaS,Low,48,7.1,44
2020,Supply Chain Compromise,IaaS,High,70,2.0,54
2022,Insider Threat,PaaS,Low,31,9.3,32
2024,Insider Threat,SaaS,Low,34,7.4,19
2022,DDoS Attack,PaaS,Medium,51,4.8,20
2020,Insider Threat,IaaS,High,49,3.6,59
2020,Misconfiguration,PaaS,Medium,26,7.6,31
2019,API Abuse,PaaS,Low,22,7.3,13
2023,Data Breach,IaaS,Medium,51,4.4,22
2021,API Abuse,IaaS,Low,1,6.1,1
2023,API Abuse,PaaS,Low,24,7.2,15
2019,Data Breach,IaaS,Medium,34,3.8,28
2023,Supply Chain Compromise,IaaS,Low,46,6.0,51
2019,API Abuse,PaaS,Low,15,6.8,8
2021,Data Breach,PaaS,Medium,37,5.2,24
2024,Zero-Day Vulnerability,PaaS,Medium,40,5.4,19
2023,Malware Injection,PaaS,Low,1,7.3,1
2022,Malware Injection,PaaS,Low,22,6.7,21
2020,Misconfiguration,IaaS,High,46,1.0,31
2024,Malware Injection,SaaS,Medium,35,4.2,39
2024,Malware Injection,IaaS,Medium,46,7.8,25
2022,Phishing,SaaS,Low,14,4.0,8
2023,Data Breach,SaaS,Medium,15,4.3,10
2022,Supply Chain Compromise,SaaS,Medium,42,5.3,54
2022,Zero-Day Vulnerability,IaaS,Low,1,9.3,1
2022,Container Escape,IaaS,Medium,30,10.0,19
2021,Supply Chain Compromise,IaaS,Low,11,7.4,8
2022,DDoS Attack,SaaS,Low,46,9.3,44
2024,Malware Injection,IaaS,Low,6,7.6,7
2023,Supply Chain Compromise,IaaS,Medium,31,3.0,16
2021,Container Escape,SaaS,Medium,42,4.6,27
2024,Container Escape,IaaS,High,80,5.6,36
2023,Phishing,PaaS,Medium,41,7.2,44
2022,Insider Threat,PaaS,High,26,5.6,20
2022,Container Escape,SaaS,Medium,56,4.0,67
2021,Malware Injection,SaaS,Low,29,8.4,19
2022,Data Breach,SaaS,Low,35,8.8,35
2020,Zero-Day Vulnerability,PaaS,Low,44,9.4,45
2024,Phishing,IaaS,Low,24,7.6,13
2021,Supply Chain Compromise,SaaS,Medium,22,5.3,17
2019,Supply Chain Compromise,PaaS,Low,18,8.9,7
2022,Insider Threat,IaaS,Low,7,6.5,7
2022,Container Escape,IaaS,Low,35,8.6,38
2023,Container Escape,IaaS,Medium,58,8.5,73
2021,Data Breach,IaaS,Low,16,9.4,6
2024,API Abuse,PaaS,High,72,2.5,67
2019,Container Escape,PaaS,Medium,74,5.0,35
2022,Malware Injection,IaaS,High,54,3.7,61
2019,Malware Injection,PaaS,High,67,4.5,48
2023,Misconfiguration,PaaS,Low,51,9.6,28
2024,API Abuse,PaaS,Low,20,7.8,9
2022,Insider Threat,IaaS,Low,20,8.5,22
2019,Phishing,IaaS,Medium,33,2.1,15
2022,API Abuse,IaaS,Medium,24,5.4,19
2022,Misconfiguration,SaaS,Low,30,7.2,21
2019,Malware Injection,SaaS,High,57,3.1,61
2022,Container Escape,PaaS,Low,62,6.4,38
2024,API Abuse,IaaS,Low,3,7.1,2
2022,Data Breach,PaaS,High,64,6.5,48
2024,Phishing,PaaS,Low,21,6.2,14
2021,Data Breach,SaaS,Low,25,5.8,22
2022,Supply Chain Compromise,IaaS,Low,35,6.0,42
2024,Container Escape,IaaS,High,38,6.1,43
2023,Misconfiguration,IaaS,High,59,4.0,55
2021,Container Escape,IaaS,High,83,4.9,78
2019,Misconfiguration,IaaS,High,66,1.0,53
2024,Zero-Day Vulnerability,IaaS,Low,26,5.4,30
2024,Container Escape,IaaS,Medium,68,5.7,49
2022,Data Breach,IaaS,High,53,5.8,28
2023,Data Breach,SaaS,Low,29,7.9,34
2024,Container Escape,IaaS,High,41,2.7,44
2021,Insider Threat,IaaS,Low,46,5.9,57
2020,Misconfiguration,IaaS,Medium,46,7.7,51
2020,Misconfiguration,IaaS,Medium,17,5.3,13
2020,Misconfiguration,PaaS,Medium,29,7.1,35
2022,Misconfiguration,PaaS,Low,1,5.6,1
2022,DDoS Attack,PaaS,Low,30,6.4,18
2019,Supply Chain Compromise,SaaS,Medium,32,4.3,21
2022,Insider Threat,PaaS,Low,29,6.4,31
2019,DDoS Attack,IaaS,Low,21,6.0,9
2024,Data Breach,PaaS,Low,20,5.8,18
2020,Container Escape,SaaS,Medium,22,5.5,10
2024,Supply Chain Compromise,IaaS,High,84,6.6,60
2021,Zero-Day Vulnerability,IaaS,High,67,5.5,71
2023,Supply Chain Compromise,IaaS,Medium,37,5.4,37
2024,Zero-Day Vulnerability,SaaS,Medium,33,3.5,39
2023,Container Escape,PaaS,Medium,60,6.1,55
2020,Phishing,IaaS,High,61,5.8,56
2024,Supply Chain Compromise,IaaS,Low,26,6.3,31
2020,Misconfiguration,IaaS,Medium,64,3.2,32
2022,API Abuse,SaaS,Low,39,8.0,17
2024,Phishing,PaaS,Low,1,6.7,0
2022,Insider Threat,SaaS,Medium,19,4.7,9
2021,Data Breach,SaaS,High,60,2.1,65
2020,DDoS Attack,IaaS,High,71,2.2,69
2024,Container Escape,SaaS,Low,26,7.7,26
2023,Malware Injection,IaaS,High,66,6.4,80
2020,Container Escape,PaaS,Medium,54,5.7,54
2022,DDoS Attack,IaaS,High,83,6.6,35
2023,Container Escape,SaaS,Medium,95,6.3,50
2023,Supply Chain Compromise,IaaS,Low,37,9.0,39
2021,API Abuse,PaaS,Low,1,10.0,0
2023,Phishing,SaaS,High,63,1.0,37
2021,DDoS Attack,PaaS,Medium,62,2.3,80
2024,API Abuse,PaaS,High,26,2.5,30
2024,Malware Injection,SaaS,Medium,25,6.5,12
2020,Data Breach,SaaS,Medium,56,5.8,55
2022,Container Escape,PaaS,Medium,55,5.3,47
2021,Phishing,PaaS,High,55,4.7,47
2023,DDoS Attack,PaaS,Medium,54,6.2,36
2021,Zero-Day Vulnerability,IaaS,Low,12,5.9,12
2019,Data Breach,IaaS,Low,62,5.9,54
2022,Phishing,PaaS,Low,19,10.0,16
2020,DDoS Attack,SaaS,Medium,60,7.4,44
2024,Container Escape,IaaS,Medium,53,6.2,66
2024,Zero-Day Vulnerability,IaaS,Medium,22,9.9,9
2024,Zero-Day Vulnerability,IaaS,High,72,4.9,64
2024,Zero-Day Vulnerability,PaaS,Low,1,7.5,1
2022,Container Escape,SaaS,Medium,74,5.6,72
2022,Zero-Day Vulnerability,IaaS,Low,1,8.2,0
2021,Data Breach,PaaS,Low,39,8.2,43
2023,API Abuse,PaaS,Low,21,7.0,24
2024,DDoS Attack,SaaS,Medium,34,5.9,14
2023,Phishing,IaaS,High,44,5.0,50
2022,DDoS Attack,IaaS,Medium,48,8.3,46
2019,Insider Threat,IaaS,Low,60,8.9,52
2022,Zero-Day Vulnerability,IaaS,Medium,44,4.5,52
2020,Zero-Day Vulnerability,PaaS,Low,39,9.9,35
2021,Data Breach,SaaS,High,62,4.1,80
2022,Zero-Day Vulnerability,IaaS,Low,33,6.8,20
2022,Container Escape,PaaS,High,90,5.3,47
2021,Malware Injection,IaaS,Low,1,6.4,0
2023,Insider Threat,IaaS,Medium,27,6.8,21
2020,Insider Threat,PaaS,Low,1,6.6,0
2019,Data Breach,PaaS,Low,75,8.6,82
2019,Zero-Day Vulnerability,PaaS,Medium,35,5.8,30
2021,API Abuse,SaaS,Low,1,7.1,0
2019,Insider Threat,PaaS,Medium,48,7.9,48
2023,Container Escape,IaaS,Low,49,8.7,24
2021,Insider Threat,SaaS,High,54,5.4,49
2024,Malware Injection,SaaS,High,63,2.1,28
2019,Supply Chain Compromise,PaaS,High,106,4.8,114
2024,Phishing,IaaS,Medium,54,3.3,29
2021,Malware Injection,PaaS,High,48,6.0,24
2022,Malware Injection,SaaS,High,90,4.7,110
2020,Data Breach,IaaS,Medium,71,8.9,84
2021,API Abuse,IaaS,Low,23,7.9,9
2023,Phishing,SaaS,Medium,37,5.2,17
2020,Zero-Day Vulnerability,PaaS,Low,54,8.3,32
2020,DDoS Attack,IaaS,Low,35,8.0,41
2023,Insider Threat,PaaS,Low,45,6.8,53
2020,Supply Chain Compromise,IaaS,Low,46,7.0,20
2021,DDoS Attack,IaaS,High,69,3.6,49
2024,DDoS Attack,SaaS,Low,40,7.6,18
2024,DDoS Attack,SaaS,Medium,17,7.6,17
2023,DDoS Attack,IaaS,Medium,62,1.6,45
2021,DDoS Attack,PaaS,Medium,33,5.7,19
2022,Malware Injection,SaaS,Low,43,5.1,22
2019,Container Escape,PaaS,Low,32,7.1,40
2022,Supply Chain Compromise,SaaS,Low,53,7.1,21
2020,DDoS Attack,IaaS,Medium,36,3.1,24
2022,Zero-Day Vulnerability,IaaS,Medium,60,1.3,58
2020,Phishing,IaaS,Low,31,4.0,17
2024,Data Breach,PaaS,Low,59,7.5,57
2020,Insider Threat,PaaS,Medium,45,7.0,47
2023,Malware Injection,PaaS,Low,22,6.9,10
2022,Supply Chain Compromise,IaaS,Low,12,5.9,10
2024,Container Escape,PaaS,High,39,3.8,31
2024,Container Escape,PaaS,High,71,4.9,55
2023,Supply Chain Compromise,SaaS,Medium,75,8.3,59
2019,DDoS Attack,PaaS,High,55,5.0,58
2019,Phishing,IaaS,Medium,48,3.2,25
2024,Data Breach,PaaS,Low,16,7.0,8
2024,Supply Chain Compromise,SaaS,Medium,40,6.6,40
2021,Container Escape,IaaS,Low,32,5.9,34
2021,Container Escape,PaaS,Low,41,7.7,42
2021,Data Breach,PaaS,Low,44,5.2,23
2022,Misconfiguration,IaaS,Medium,71,4.0,56
2021,API Abuse,PaaS,High,35,2.0,16
2022,Supply Chain Compromise,PaaS,High,73,2.8,40
2021,DDoS Attack,SaaS,Low,47,8.7,59
2021,Insider Threat,IaaS,High,44,2.7,31
2020,API Abuse,SaaS,Medium,58,9.7,36
2019,Malware Injection,IaaS,Low,22,6.1,25
2020,DDoS Attack,SaaS,Low,65,6.5,38
2022,Misconfiguration,IaaS,Low,29,5.0,28
2020,Phishing,IaaS,Medium,38,5.3,18
2024,Malware Injection,PaaS,Medium,1,3.7,1
2022,Phishing,SaaS,High,54,7.5,60
2020,Malware Injection,PaaS,Low,38,4.1,32
2024,Misconfiguration,IaaS,Medium,31,3.5,36
2019,Container Escape,PaaS,Low,47,5.6,25
2019,Insider Threat,PaaS,Medium,44,8.2,41
2024,Zero-Day Vulnerability,IaaS,High,36,6.4,20
2024,Malware Injection,PaaS,Low,15,6.0,12
2024,Phishing,IaaS,Low,8,4.3,8
2022,Malware Injection,SaaS,High,50,7.1,48
2024,API Abuse,PaaS,Medium,31,6.4,38
2019,Phishing,PaaS,Low,17,6.1,14
2022,Container Escape,PaaS,Medium,20,5.4,14
2022,Supply Chain Compromise,IaaS,Medium,71,4.4,73
2024,Zero-Day Vulnerability,IaaS,Low,18,7.2,14
2022,Phishing,SaaS,Medium,48,5.5,57
2022,Zero-Day Vulnerability,IaaS,High,67,2.8,64
2024,Container Escape,IaaS,Medium,45,5.2,24
2019,Misconfiguration,SaaS,Low,14,8.9,12
2019,Data Breach,PaaS,High,61,2.5,36
2021,DDoS Attack,SaaS,Low,19,8.7,10
2019,Supply Chain Compromise,IaaS,High,52,2.0,45
2023,Insider Threat,SaaS,Low,1,7.3,0
2019,Supply Chain Compromise,IaaS,Low,1,7.8,1
2022,Misconfiguration,IaaS,Medium,64,6.8,58
2023,Supply Chain Compromise,SaaS,High,49,5.1,26
2020,Insider Threat,PaaS,Medium,19,5.6,12
2024,Supply Chain Compromise,IaaS,Medium,16,3.6,16
2023,Misconfiguration,PaaS,Low,2,9.6,1
2019,Misconfiguration,SaaS,Low,52,4.8,61
2023,Supply Chain Compromise,PaaS,High,91,5.0,40
2024,Phishing,PaaS,Low,13,10.0,10
2024,Malware Injection,PaaS,High,56,3.5,55
2021,DDoS Attack,SaaS,Low,48,6.5,26
2020,Malware Injection,IaaS,Low,1,4.5,0
2023,API Abuse,IaaS,Medium,30,5.6,13
2024,API Abuse,IaaS,Medium,41,7.5,21
2023,Data Breach,SaaS,Low,67,6.0,66
2023,Zero-Day Vulnerability,IaaS,High,90,5.3,53
2019,Container Escape,SaaS,Low,30,6.8,14
2020,Zero-Day Vulnerability,SaaS,Medium,78,3.9,43
2021,Data Breach,PaaS,Medium,52,4.4,32
2019,API Abuse,PaaS,Low,1,6.6,0
2019,Phishing,IaaS,High,27,6.7,12
2023,Data Breach,IaaS,High,69,4.7,41
2019,Supply Chain Compromise,IaaS,Low,42,5.7,42
2023,Misconfiguration,PaaS,Medium,50,5.2,43
2024,Insider Threat,PaaS,Low,16,9.8,20
2019,API Abuse,SaaS,Medium,32,7.8,26
2023,Zero-Day Vulnerability,IaaS,High,73,1.0,45
2023,Insider Threat,PaaS,High,50,6.2,24
2019,Container Escape,IaaS,Low,33,7.7,34
2019,Data Breach,SaaS,Low,33,8.1,34
2021,Zero-Day Vulnerability,PaaS,Low,29,9.6,22
2020,Malware Injection,IaaS,Low,20,6.7,8
2019,Supply Chain Compromise,IaaS,High,86,3.3,50
2021,Insider Threat,PaaS,Low,1,7.3,1
2021,Zero-Day Vulnerability,IaaS,Medium,54,6.7,22
2023,Malware Injection,IaaS,Low,1,7.1,0
2020,DDoS Attack,SaaS,Low,61,6.7,61
2022,Misconfiguration,PaaS,Low,1,6.0,1
2020,Supply Chain Compromise,IaaS,High,34,4.2,21
2023,Phishing,SaaS,Medium,61,7.6,44
2020,Container Escape,PaaS,Low,31,6.4,24
2024,Malware Injection,IaaS,Medium,32,6.2,29
2019,Malware Injection,IaaS,Low,18,7.8,16
2021,Supply Chain Compromise,PaaS,Low,49,7.5,39
2019,Zero-Day Vulnerability,IaaS,Low,24,6.8,14
2020,Insider Threat,SaaS,Low,1,5.4,0
2021,Misconfiguration,PaaS,Low,33,8.2,22
2019,Insider Threat,PaaS,High,37,1.0,35
2021,Supply Chain Compromise,IaaS,Low,31,6.2,24
2019,Container Escape,IaaS,Low,1,7.2,1
2022,Misconfiguration,SaaS,Medium,16,7.5,6
2024,Misconfiguration,SaaS,Low,1,9.4,0
2023,DDoS Attack,IaaS,Low,38,4.8,30
2019,Insider Threat,IaaS,Low,8,7.0,6
2024,DDoS Attack,SaaS,High,100,4.7,43
2020,Misconfiguration,SaaS,Medium,32,5.1,36
2021,Supply Chain Compromise,SaaS,Low,34,8.2,27
2024,API Abuse,PaaS,Low,3,8.1,2
2022,Phishing,IaaS,Low,25,9.7,24
2019,Misconfiguration,PaaS,Medium,15,5.3,11
2023,Container Escape,PaaS,Medium,59,5.3,64
2024,Data Breach,PaaS,Low,21,6.7,17
2024,Container Escape,SaaS,Medium,63,5.8,49
2024,Phishing,IaaS,Low,4,5.6,3
2021,Data Breach,PaaS,Low,44,4.7,43
2024,API Abuse,PaaS,Low,7,9.3,2
2022,Malware Injection,PaaS,Medium,1,9.7,0
2023,API Abuse,PaaS,Low,12,8.4,15
2024,Malware Injection,PaaS,High,90,1.0,84
2023,DDoS Attack,IaaS,Low,61,8.0,79
2024,Container Escape,PaaS,Low,1,6.8,0
2020,Container Escape,IaaS,Low,37,6.8,17
2019,Container Escape,PaaS,Low,21,6.8,20
2023,Misconfiguration,PaaS,Medium,64,3.2,38
2021,Misconfiguration,IaaS,Low,41,8.4,18
2024,Insider Threat,IaaS,High,34,2.2,26
2023,Zero-Day Vulnerability,PaaS,Medium,70,8.1,32
2023,Zero-Day Vulnerability,IaaS,Low,26,8.9,24
2022,API Abuse,IaaS,Medium,10,4.9,8
2022,Malware Injection,PaaS,High,36,2.9,38
2020,Insider Threat,PaaS,Medium,40,6.4,26
2023,Misconfiguration,SaaS,Medium,32,6.7,22
2020,Data Breach,IaaS,High,48,3.2,29
2021,Phishing,PaaS,Medium,59,5.0,71
2024,Misconfiguration,IaaS,Low,1,9.9,0
2020,Misconfiguration,IaaS,Medium,54,3.5,56
2024,Malware Injection,PaaS,High,54,6.1,56
2019,Supply Chain Compromise,IaaS,Medium,38,2.5,27
2021,Data Breach,PaaS,Low,16,7.7,14
2024,Data Breach,PaaS,Medium,21,6.2,13
2024,API Abuse,PaaS,Low,27,8.1,29
2019,Phishing,SaaS,High,61,3.3,41
2024,Insider Threat,PaaS,Low,5,7.3,2
2019,Zero-Day Vulnerability,SaaS,Medium,92,3.8,97
2022,Container Escape,SaaS,Medium,42,1.2,39
2020,Misconfiguration,SaaS,Medium,42,3.6,16
2022,Misconfiguration,IaaS,High,86,3.8,53
2023,API Abuse,IaaS,Low,9,8.1,11
2022,API Abuse,IaaS,Medium,34,8.7,32
2024,Malware Injection,IaaS,Low,55,9.7,30
2022,Insider Threat,IaaS,Medium,29,5.6,28
2019,Data Breach,IaaS,Low,49,5.0,36
2020,Container Escape,PaaS,Low,43,5.4,31
2024,Supply Chain Compromise,IaaS,Low,25,4.6,23
2020,Supply Chain Compromise,IaaS,Low,11,7.0,8
2019,Malware Injection,PaaS,High,71,1.5,70
2023,Zero-Day Vulnerability,IaaS,Medium,31,3.5,18
2021,API Abuse,IaaS,High,39,4.8,43
2024,Zero-Day Vulnerability,PaaS,Medium,61,9.5,34
2024,Container Escape,PaaS,Medium,45,4.1,45
2019,Zero-Day Vulnerability,PaaS,Low,26,5.1,18
2023,Zero-Day Vulnerability,PaaS,Low,16,6.9,15
2024,Misconfiguration,IaaS,Low,40,7.5,40
2019,Misconfiguration,SaaS,High,40,3.8,24
2020,Insider Threat,IaaS,Low,50,9.0,33
2024,API Abuse,IaaS,Medium,52,8.6,41
2021,Insider Threat,IaaS,Low,2,8.1,1
2021,Zero-Day Vulnerability,PaaS,Low,56,7.9,60
2021,DDoS Attack,SaaS,Medium,53,7.3,55
2020,Insider Threat,PaaS,Medium,45,2.3,50
2019,Phishing,SaaS,High,46,3.0,42
2021,Supply Chain Compromise,PaaS,Medium,38,6.8,39
2022,Data Breach,PaaS,Low,42,7.3,44
2020,Insider Threat,IaaS,Low,1,7.9,1
2022,Container Escape,IaaS,Low,1,8.3,0
2019,Supply Chain Compromise,IaaS,Low,22,6.3,19
2021,Zero-Day Vulnerability,PaaS,Medium,35,6.3,18
2021,Malware Injection,PaaS,Medium,35,6.8,44
2024,Insider Threat,PaaS,Medium,31,6.4,29
2022,Misconfiguration,SaaS,Medium,45,3.4,20
2024,Insider Threat,PaaS,Low,1,8.9,0
2019,Misconfiguration,IaaS,Medium,39,6.7,26
2024,Data Breach,SaaS,Low,46,10.0,33
2023,Insider Threat,SaaS,Low,34,7.2,39
2024,Misconfiguration,IaaS,Medium,51,6.2,65
2019,Malware Injection,IaaS,Medium,28,7.1,24
2020,Malware Injection,PaaS,Medium,18,4.9,21
2024,Phishing,IaaS,High,70,5.6,29
2023,Misconfiguration,IaaS,Low,1,7.1,0
2020,Malware Injection,SaaS,Low,1,9.1,1
2019,Container Escape,PaaS,Medium,60,3.2,28
2023,Data Breach,IaaS,High,80,4.6,40
2020,Misconfiguration,IaaS,Low,1,7.5,0
2022,Insider Threat,SaaS,Medium,45,3.1,44
2020,Supply Chain Compromise,PaaS,High,62,4.9,50
2019,DDoS Attack,SaaS,Low,26,7.4,16
2019,Supply Chain Compromise,PaaS,Low,89,6.4,113
2019,Supply Chain Compromise,IaaS,Low,26,8.6,32
2023,Phishing,IaaS,High,46,4.8,36
2022,Zero-Day Vulnerability,SaaS,Low,33,8.5,39
2020,Insider Threat,PaaS,Low,7,7.5,4
2022,Malware Injection,IaaS,Low,1,7.5,0
2022,Zero-Day Vulnerability,IaaS,Low,57,6.5,52
2019,Supply Chain Compromise,IaaS,Medium,46,5.6,45
2022,Supply Chain Compromise,SaaS,High,58,5.1,27
2024,Data Breach,SaaS,High,88,2.1,101
2024,Misconfiguration,SaaS,Medium,16,5.2,20
2021,Supply Chain Compromise,IaaS,Low,20,7.3,9
2022,Data Breach,SaaS,Medium,44,5.6,26
2024,Zero-Day Vulnerability,IaaS,Low,1,5.0,1
2021,Container Escape,IaaS,High,81,4.2,50
2020,Container Escape,PaaS,Medium,27,5.7,24
2024,Misconfiguration,IaaS,Medium,14,7.3,13
2022,Insider Threat,SaaS,Low,48,7.3,23
2019,Data Breach,IaaS,Low,9,3.7,5
2023,API Abuse,IaaS,Medium,17,4.6,16
2023,Phishing,IaaS,Low,45,6.7,32
2019,Zero-Day Vulnerability,SaaS,High,90,6.1,48
2023,DDoS Attack,PaaS,Medium,83,6.5,56
2020,Supply Chain Compromise,PaaS,High,51,4.8,57
2024,Data Breach,PaaS,Medium,32,7.5,38
2022,API Abuse,IaaS,Low,7,8.0,6
2021,Data Breach,SaaS,Low,26,5.9,22
2019,Supply Chain Compromise,IaaS,Low,30,6.8,36
2019,Misconfiguration,SaaS,Low,12,6.4,5
2021,Data Breach,IaaS,High,64,2.7,68
2024,Container Escape,PaaS,Medium,49,4.7,51
2022,Data Breach,PaaS,Medium,29,1.1,33
2023,Insider Threat,PaaS,Medium,26,6.6,26
2021,Phishing,PaaS,High,90,3.3,37
2024,DDoS Attack,IaaS,Medium,31,4.7,18
2022,Phishing,SaaS,Low,1,8.0,0
2020,Container Escape,IaaS,Low,28,9.3,31
2019,Data Breach,IaaS,High,63,4.3,80
2021,Misconfiguration,IaaS,Medium,57,4.7,23
2020,Malware Injection,PaaS,Low,26,9.2,31
2019,Zero-Day Vulnerability,IaaS,High,56,3.6,37
2019,Data Breach,PaaS,Low,15,7.1,14
2019,API Abuse,SaaS,Medium,38,6.7,27
2019,DDoS Attack,SaaS,High,76,2.7,55
2019,Zero-Day Vulnerability,SaaS,Low,16,8.6,11
2019,Data Breach,SaaS,Medium,100,4.0,121
2024,Malware Injection,SaaS,Medium,49,5.9,50
2022,Supply Chain Compromise,PaaS,High,65,1.6,59
2021,Malware Injection,SaaS,Medium,44,5.2,53
2021,Phishing,PaaS,Medium,32,4.9,36
2021,Zero-Day Vulnerability,PaaS,Medium,32,6.8,34
2021,Data Breach,IaaS,Low,14,9.0,16
2024,DDoS Attack,SaaS,Medium,53,7.4,48
2021,Data Breach,IaaS,Medium,63,3.6,46
2019,DDoS Attack,SaaS,Low,18,6.3,11
2021,DDoS Attack,IaaS,Low,32,6.0,28
2024,DDoS Attack,IaaS,Medium,53,6.8,27
2021,Misconfiguration,PaaS,High,36,5.1,19
2022,Supply Chain Compromise,SaaS,Low,32,7.0,41
2020,Data Breach,SaaS,Low,26,8.6,16
2022,API Abuse,SaaS,High,35,1.0,28
2022,Malware Injection,IaaS,High,71,1.0,52
2021,Container Escape,IaaS,Low,16,7.5,9
2020,Misconfiguration,IaaS,High,33,5.7,17
2019,Misconfiguration,PaaS,Medium,31,6.8,17
2022,Supply Chain Compromise,IaaS,Medium,58,6.2,45
2020,Zero-Day Vulnerability,IaaS,Low,60,8.1,65
2021,Supply Chain Compromise,IaaS,High,78,4.8,91
2024,Container Escape,IaaS,Low,22,5.7,21
2024,Supply Chain Compromise,IaaS,Low,25,7.6,26
2019,Supply Chain Compromise,IaaS,Low,42,7.4,47
2022,API Abuse,SaaS,Medium,42,4.7,27
2022,Malware Injection,SaaS,Low,1,6.5,0
2019,API Abuse,IaaS,Low,26,3.3,18
2023,API Abuse,IaaS,Low,14,7.0,14
2019,Container Escape,SaaS,Medium,17,6.6,8
2023,API Abuse,PaaS,Low,50,5.4,29
2022,Phishing,SaaS,Low,1,7.1,0
2024,API Abuse,PaaS,High,28,4.5,29
2019,Misconfiguration,IaaS,Low,1,6.9,0
2024,Malware Injection,IaaS,Low,5,9.0,3
2023,Supply Chain Compromise,IaaS,Medium,74,5.1,92
2024,DDoS Attack,IaaS,Medium,50,4.1,44
2022,Container Escape,PaaS,Medium,16,7.2,15
2022,Misconfiguration,IaaS,Low,26,9.9,28
2021,Data Breach,SaaS,Low,15,5.2,7
2021,Insider Threat,PaaS,Low,1,7.0,1
2020,Container Escape,SaaS,Low,20,8.1,9
2019,Zero-Day Vulnerability,PaaS,Low,46,6.0,41
2023,Malware Injection,PaaS,Medium,22,5.3,12
2020,Zero-Day Vulnerability,SaaS,Medium,39,7.3,20
2024,Supply Chain Compromise,PaaS,Medium,38,5.2,35
2023,Insider Threat,IaaS,Low,1,7.0,0
2024,Data Breach,PaaS,Medium,35,5.9,22
2021,DDoS Attack,IaaS,Medium,67,6.9,44
2021,Zero-Day Vulnerability,PaaS,Medium,45,4.6,22
2023,Data Breach,IaaS,Medium,29,8.5,36
2024,Container Escape,IaaS,Medium,37,8.0,46
2021,Data Breach,PaaS,High,44,3.8,56
2019,Data Breach,PaaS,High,99,3.4,118
2022,DDoS Attack,SaaS,Low,27,6.8,30
2024,Misconfiguration,SaaS,Low,7,8.8,2
2020,Insider Threat,IaaS,Medium,42,2.0,40
2019,Container Escape,IaaS,Low,8,5.3,4
2023,Container Escape,PaaS,Medium,49,2.0,60
2019,Supply Chain Compromise,IaaS,High,35,3.0,41
2019,DDoS Attack,SaaS,Medium,49,7.9,24
2020,API Abuse,IaaS,Low,5,9.0,2
2019,Malware Injection,PaaS,High,35,8.6,34
2020,Data Breach,PaaS,Low,25,6.9,28
2022,API Abuse,SaaS,Low,8,6.7,9
2021,API Abuse,SaaS,Low,1,9.0,0
2021,Malware Injection,PaaS,High,39,6.6,17
2019,Container Escape,IaaS,Medium,65,3.2,58
2019,Malware Injection,IaaS,Low,1,7.9,0
2020,Malware Injection,SaaS,Medium,16,6.6,16
2019,Container Escape,IaaS,Low,58,7.4,40
2022,Insider Threat,IaaS,Low,7,8.9,4
2023,Supply Chain Compromise,IaaS,Medium,28,7.5,26
2023,Container Escape,PaaS,Low,1,7.2,0
2019,Supply Chain Compromise,IaaS,High,77,5.0,89
2024,Supply Chain Compromise,SaaS,Low,1,10.0,0
2021,Insider Threat,IaaS,Medium,53,5.1,65
2019,Misconfiguration,PaaS,Low,14,5.4,13
2019,Zero-Day Vulnerability,PaaS,Medium,46,7.3,23
2021,Supply Chain Compromise,IaaS,High,79,3.3,47
2021,Supply Chain Compromise,SaaS,Medium,77,5.6,98
2022,API Abuse,IaaS,Medium,46,3.1,23
2022,Malware Injection,SaaS,Low,1,9.7,0
2023,DDoS Attack,IaaS,High,85,3.1,39
2024,Misconfiguration,PaaS,High,29,5.0,31
2019,Phishing,PaaS,Low,1,7.0,0
2021,Insider Threat,IaaS,Low,55,8.1,28
2023,API Abuse,PaaS,Low,1,6.7,0
2024,Misconfiguration,PaaS,Low,1,6.4,0
2023,Insider Threat,PaaS,Low,21,6.4,23
2020,Malware Injection,IaaS,Low,18,8.3,19
2020,Container Escape,IaaS,Low,52,6.6,49
2022,Misconfiguration,IaaS,Low,1,6.6,0
2020,Misconfiguration,PaaS,High,27,1.0,31
2022,Zero-Day Vulnerability,IaaS,Low,41,6.9,24
2020,Zero-Day Vulnerability,IaaS,Medium,61,5.0,35
2019,Container Escape,SaaS,Medium,58,6.8,27
2024,Malware Injection,PaaS,Medium,37,6.1,23
2024,Phishing,PaaS,Low,3,7.4,2
2023,Supply Chain Compromise,PaaS,High,106,3.1,53
2022,API Abuse,SaaS,Medium,56,7.6,32
2020,DDoS Attack,SaaS,Low,26,6.0,19
2023,Container Escape,IaaS,Medium,34,3.4,43
2023,Insider Threat,PaaS,Low,41,6.0,37
2019,Supply Chain Compromise,SaaS,Low,47,8.1,57
2020,Zero-Day Vulnerability,IaaS,Medium,59,6.0,58
2019,Zero-Day Vulnerability,IaaS,High,74,1.5,36
2024,API Abuse,PaaS,Medium,25,2.0,31
2020,API Abuse,IaaS,High,61,5.8,28
2021,Container Escape,IaaS,Low,18,7.4,20
2019,Insider Threat,IaaS,Medium,57,3.9,27
2023,Malware Injection,SaaS,Medium,46,3.7,26
2022,Phishing,IaaS,Medium,73,5.8,76
2024,Zero-Day Vulnerability,IaaS,Low,16,10.0,11
2022,Supply Chain Compromise,PaaS,Low,48,7.1,26
2019,Supply Chain Compromise,SaaS,Low,42,10.0,17
2021,Insider Threat,PaaS,Medium,34,4.6,24
2024,Phishing,IaaS,Low,14,9.2,7
2021,Insider Threat,PaaS,Low,13,6.0,8
2020,DDoS Attack,IaaS,Low,39,6.5,46
2023,Container Escape,PaaS,Low,20,8.6,24
2021,Malware Injection,IaaS,Medium,50,7.7,41
2020,Data Breach,PaaS,Low,41,5.8,41
2020,Malware Injection,IaaS,Low,25,9.5,22
2021,Insider Threat,IaaS,High,54,3.8,28
2020,DDoS Attack,IaaS,High,56,3.7,32
2022,Misconfiguration,SaaS,Medium,35,2.5,19
2023,API Abuse,PaaS,Low,54,8.3,27
2020,Phishing,IaaS,Low,2,6.6,1
2024,Supply Chain Compromise,PaaS,Medium,37,3.4,28
2021,Supply Chain Compromise,PaaS,Medium,57,2.8,31
2021,Container Escape,SaaS,Medium,61,3.7,61
2019,Supply Chain Compromise,PaaS,Medium,69,4.6,61
2023,Phishing,SaaS,Medium,41,5.6,38
2022,Malware Injection,SaaS,High,34,3.4,40
2023,Insider Threat,PaaS,Medium,45,5.2,21
2020,Malware Injection,SaaS,High,70,2.0,45
2019,Malware Injection,PaaS,High,71,7.2,78
2022,Zero-Day Vulnerability,SaaS,Medium,58,5.7,69
2021,Insider Threat,SaaS,Medium,27,5.0,33
2020,Data Breach,SaaS,Low,37,5.7,43
2023,DDoS Attack,PaaS,Medium,73,3.6,39
2020,API Abuse,IaaS,Low,11,9.2,10
2023,Misconfiguration,SaaS,Medium,7,6.0,6
2022,Misconfiguration,IaaS,Medium,59,5.9,47
2020,Malware Injection,PaaS,Low,64,7.9,71
2021,Supply Chain Compromise,IaaS,High,82,3.4,93
2023,Misconfiguration,SaaS,High,68,3.7,76
2019,Phishing,IaaS,High,51,4.8,48
2022,Misconfiguration,IaaS,High,53,2.4,22
2024,Phishing,IaaS,Medium,45,4.5,41
2022,Zero-Day Vulnerability,SaaS,High,60,5.1,51
2020,API Abuse,IaaS,Medium,24,4.1,21
2019,Data Breach,PaaS,Low,42,8.0,21
2019,Malware Injection,SaaS,Medium,31,6.4,13
2024,Data Breach,SaaS,Medium,90,9.3,112
2023,Data Breach,IaaS,Low,2,7.1,2
2024,Container Escape,PaaS,Medium,17,4.5,16
2021,Insider Threat,PaaS,Medium,39,3.1,20
2021,Insider Threat,PaaS,Low,1,3.6,1
2020,Zero-Day Vulnerability,PaaS,Low,45,6.8,46
2020,Phishing,PaaS,High,60,3.1,75
2020,Misconfiguration,IaaS,Low,11,9.3,10
2019,Container Escape,PaaS,Low,1,10.0,0
2020,Supply Chain Compromise,PaaS,Medium,53,6.1,62
2021,Supply Chain Compromise,IaaS,Medium,45,4.2,35
2019,Supply Chain Compromise,PaaS,Low,9,7.9,8
2022,Supply Chain Compromise,IaaS,Medium,61,5.7,32
2020,Phishing,PaaS,Low,13,8.7,11
2021,Insider Threat,IaaS,Medium,29,6.6,16
2022,Insider Threat,IaaS,Low,8,7.6,6
2023,Malware Injection,PaaS,Medium,37,5.6,18
2019,Supply Chain Compromise,IaaS,Low,26,6.1,17
2022,API Abuse,IaaS,Low,13,8.7,13
2019,Zero-Day Vulnerability,PaaS,Medium,63,6.7,80
2021,Data Breach,IaaS,Low,20,8.8,18
2024,Supply Chain Compromise,IaaS,Low,19,8.3,8
2021,Insider Threat,PaaS,Medium,30,3.2,13
2019,Container Escape,SaaS,Low,40,7.2,43
2020,Insider Threat,SaaS,Medium,5,5.8,5
2020,Malware Injection,IaaS,Low,16,6.9,6
2019,Malware Injection,PaaS,Low,8,7.0,8
2022,Supply Chain Compromise,IaaS,Low,42,7.9,27
2020,Misconfiguration,IaaS,Low,29,9.4,14
2022,DDoS Attack,IaaS,Low,30,5.5,33
2019,Phishing,IaaS,Low,8,5.4,7
2024,DDoS Attack,SaaS,Medium,50,2.1,42
2021,API Abuse,SaaS,Low,7,7.2,4
2019,Misconfiguration,IaaS,Medium,45,5.2,39
2023,Container Escape,SaaS,Medium,39,5.7,21
2023,Phishing,PaaS,Low,1,8.5,1
2023,Misconfiguration,PaaS,Low,54,6.5,28
2024,Zero-Day Vulnerability,IaaS,Low,46,6.7,43
2019,Data Breach,IaaS,Medium,41,5.3,45
2024,API Abuse,PaaS,Low,1,5.4,1
2021,Phishing,PaaS,Low,23,5.6,27
2019,Zero-Day Vulnerability,PaaS,Low,30,4.5,31
2019,Zero-Day Vulnerability,PaaS,Medium,28,3.8,33
2020,Malware Injection,IaaS,Medium,1,6.7,0
2022,Insider Threat,IaaS,Low,11,7.0,5
2024,Zero-Day Vulnerability,SaaS,Medium,64,6.2,77
2024,Malware Injection,SaaS,High,30,7.2,37
2021,Container Escape,SaaS,Medium,43,4.6,32
2019,Supply Chain Compromise,PaaS,Medium,50,5.6,52
2022,API Abuse,IaaS,High,68,2.0,32
2022,Misconfiguration,IaaS,Low,41,7.5,22
2022,Insider Threat,IaaS,Low,26,7.5,28
2019,Misconfiguration,SaaS,Medium,1,4.5,0
2020,Data Breach,IaaS,Medium,45,4.7,53
2019,API Abuse,IaaS,Low,17,5.4,19
2021,Misconfiguration,IaaS,Medium,40,4.9,30
2021,Insider Threat,PaaS,High,50,3.8,21
2023,Container Escape,SaaS,Medium,77,5.6,95
2023,Insider Threat,IaaS,Medium,29,6.6,27
2023,Phishing,IaaS,Medium,34,7.9,21
2020,Container Escape,IaaS,Low,40,6.6,22
2019,Data Breach,SaaS,Medium,61,6.9,37
2024,Supply Chain Compromise,SaaS,Low,8,5.1,6
2020,Insider Threat,PaaS,Low,25,6.9,14
2020,Malware Injection,PaaS,Low,16,9.0,11
2023,Supply Chain Compromise,PaaS,Medium,51,7.9,36
2024,Insider Threat,IaaS,Low,27,8.6,34
2024,Zero-Day Vulnerability,IaaS,Low,29,8.2,13
2020,Phishing,SaaS,Medium,61,6.8,49
2021,Data Breach,IaaS,Medium,26,2.9,21
2023,Container Escape,PaaS,Medium,10,5.4,6
2024,Container Escape,PaaS,Medium,41,7.0,35
2021,Container Escape,SaaS,Medium,50,7.9,57
2024,DDoS Attack,IaaS,Low,32,7.9,33
2020,Insider Threat,PaaS,Medium,8,5.2,7
2024,Phishing,IaaS,High,57,4.5,68
2024,Data Breach,IaaS,Low,37,6.7,42
2020,Supply Chain Compromise,SaaS,Medium,77,2.8,64
2021,DDoS Attack,IaaS,Medium,70,7.6,71
2022,DDoS Attack,PaaS,Medium,43,5.2,54
2019,Malware Injection,PaaS,Low,23,7.7,15
2020,API Abuse,SaaS,Medium,26,8.5,28
2019,Malware Injection,IaaS,Low,22,8.3,16
2019,Malware Injection,PaaS,Low,27,7.5,19
2020,DDoS Attack,IaaS,Low,55,5.5,37
2019,DDoS Attack,IaaS,Low,39,4.9,18
2021,Misconfiguration,SaaS,Medium,54,7.7,52
2020,API Abuse,IaaS,High,63,6.2,52
2020,Phishing,IaaS,Medium,51,3.5,51
2019,Container Escape,IaaS,Low,9,6.6,9
2022,Data Breach,SaaS,Medium,40,4.6,32
2022,Container Escape,IaaS,Low,11,7.0,7
2022,Malware Injection,PaaS,Low,13,6.5,7
2019,Zero-Day Vulnerability,PaaS,Medium,40,5.2,50
2021,Container Escape,PaaS,Medium,62,3.4,65
2021,Zero-Day Vulnerability,PaaS,High,54,3.8,39
2023,Supply Chain Compromise,PaaS,Low,33,9.6,30
2024,Insider Threat,SaaS,Medium,7,6.8,4
2019,Malware Injection,SaaS,Low,24,8.1,23
2019,DDoS Attack,PaaS,Low,35,8.5,35
2019,Supply Chain Compromise,PaaS,Low,17,6.8,21
2023,Zero-Day Vulnerability,PaaS,Low,48,9.6,38
2019,Container Escape,IaaS,Low,28,3.4,35
2023,Supply Chain Compromise,SaaS,Medium,43,1.7,32
2019,Container Escape,SaaS,Medium,65,3.2,49
2024,Insider Threat,IaaS,Low,11,8.8,11
2021,DDoS Attack,IaaS,High,103,1.2,87
2022,Phishing,IaaS,Low,20,5.5,25
2020,Phishing,SaaS,Medium,36,8.3,35
2022,Supply Chain Compromise,IaaS,Medium,11,5.8,5
2021,Misconfiguration,IaaS,Low,1,3.8,1
2023,Supply Chain Compromise,IaaS,Low,30,9.3,23
2020,Zero-Day Vulnerability,PaaS,High,71,4.2,35
2019,DDoS Attack,PaaS,High,78,8.9,42
2019,API Abuse,IaaS,Low,8,5.7,9
2024,API Abuse,SaaS,Medium,23,5.6,25
2023,Misconfiguration,SaaS,Low,35,7.9,35
2019,Phishing,SaaS,Low,15,8.2,11
2020,Misconfiguration,PaaS,Low,1,9.8,0
2019,Container Escape,PaaS,Medium,29,7.6,25
2020,API Abuse,IaaS,Low,22,10.0,22
2020,Malware Injection,IaaS,Medium,43,6.3,52
2020,Malware Injection,IaaS,Medium,51,6.6,47
2019,DDoS Attack,SaaS,Low,46,8.6,57
2020,API Abuse,PaaS,Low,23,3.2,27
2019,Misconfiguration,PaaS,Low,6,6.4,6
2019,DDoS Attack,IaaS,Low,22,10.0,21
2022,DDoS Attack,SaaS,Low,8,4.8,3
2023,Supply Chain Compromise,SaaS,High,65,1.5,39
2023,Misconfiguration,IaaS,Medium,21,6.3,25
2023,Container Escape,SaaS,Low,33,5.1,17
2020,Insider Threat,PaaS,Medium,51,5.0,22
2024,Insider Threat,PaaS,Low,1,7.1,0
2019,Malware Injection,PaaS,Medium,42,3.7,18
2024,DDoS Attack,SaaS,Low,15,7.3,11
2020,Malware Injection,PaaS,Low,13,6.6,9
2023,Phishing,PaaS,Low,21,4.5,19
2023,DDoS Attack,IaaS,Low,34,7.3,36
2019,Zero-Day Vulnerability,PaaS,High,73,4.8,87
2024,DDoS Attack,PaaS,High,89,2.7,115
2019,Data Breach,IaaS,Low,23,5.9,19
2021,API Abuse,PaaS,Medium,25,5.8,15
2024,DDoS Attack,PaaS,High,88,3.3,93
2020,Insider Threat,PaaS,High,38,2.6,37
2022,Insider Threat,PaaS,Medium,1,4.6,0
2023,Data Breach,PaaS,Medium,79,3.1,49
2022,API Abuse,SaaS,Medium,17,5.9,14
2021,API Abuse,IaaS,Low,35,5.8,33
2024,Phishing,IaaS,Low,36,8.5,30
2023,Zero-Day Vulnerability,PaaS,Medium,40,5.8,26
2022,Phishing,PaaS,Low,1,6.8,1
2021,Zero-Day Vulnerability,PaaS,Low,32,7.8,19
2021,Container Escape,SaaS,Low,42,8.4,36
2019,Data Breach,IaaS,Low,43,4.4,51
2021,DDoS Attack,IaaS,Low,88,9.1,51
2023,Insider Threat,PaaS,Low,1,5.8,0
2023,DDoS Attack,IaaS,High,70,5.0,48
2024,Phishing,SaaS,Low,13,4.2,13
2024,Zero-Day Vulnerability,PaaS,Medium,57,4.1,43
2021,API Abuse,SaaS,Medium,31,2.6,14
2022,Data Breach,SaaS,Low,32,9.3,30
2020,Zero-Day Vulnerability,PaaS,Medium,53,4.3,55
2019,DDoS Attack,PaaS,Low,48,7.2,26
2022,API Abuse,SaaS,Low,13,7.8,15
2024,Insider Threat,IaaS,Medium,11,4.8,9
2019,DDoS Attack,SaaS,Low,33,8.3,41
2020,Supply Chain Compromise,SaaS,Low,1,8.4,1
2020,DDoS Attack,SaaS,High,76,5.3,71
2019,Zero-Day Vulnerability,PaaS,Medium,41,5.8,50
2020,Data Breach,PaaS,Low,35,6.6,25
2020,Insider Threat,PaaS,Medium,32,4.7,14
2021,Insider Threat,PaaS,Medium,42,8.2,19
2019,Insider Threat,IaaS,Medium,12,5.0,5
2019,Misconfiguration,IaaS,Medium,23,10.0,23
2020,DDoS Attack,IaaS,High,93,2.8,64
2020,Misconfiguration,SaaS,Low,22,8.5,26
2020,Insider Threat,PaaS,Medium,50,3.5,52
2022,Misconfiguration,PaaS,Low,19,8.3,10
2022,API Abuse,PaaS,Medium,7,10.0,8
2020,Insider Threat,PaaS,Low,1,5.8,0
2023,DDoS Attack,PaaS,Medium,61,4.6,76
2024,Phishing,SaaS,Medium,7,8.1,8
2021,Insider Threat,SaaS,High,36,7.7,35
2020,DDoS Attack,PaaS,High,78,5.3,82
2020,Data Breach,SaaS,Low,66,5.4,51
2019,Misconfiguration,IaaS,Medium,17,4.0,9
2022,Insider Threat,SaaS,High,40,5.3,49
2022,Container Escape,IaaS,Medium,24,5.3,11
2024,Phishing,SaaS,High,39,4.4,25
2020,API Abuse,SaaS,Medium,72,5.0,67
2020,Phishing,PaaS,Low,8,8.1,10
2024,Zero-Day Vulnerability,IaaS,Low,4,9.8,1
2019,Data Breach,PaaS,Low,41,4.7,36
2021,Container Escape,PaaS,Low,6,6.8,2
2022,Data Breach,SaaS,Low,29,6.3,31
2022,API Abuse,SaaS,Medium,41,3.9,48
2021,Phishing,IaaS,Medium,4,5.7,4
2019,DDoS Attack,PaaS,High,33,2.1,31
2024,Malware Injection,IaaS,Low,9,8.6,6
2020,Container Escape,SaaS,Low,59,5.6,24
2021,Data Breach,PaaS,Medium,51,5.7,46
2024,Insider Threat,SaaS,Medium,30,6.6,34
2022,Data Breach,SaaS,High,74,1.6,69
2022,Supply Chain Compromise,PaaS,Medium,78,5.2,93
2021,DDoS Attack,PaaS,Low,18,6.1,11
2024,Insider Threat,PaaS,Low,1,8.7,1
2021,Misconfiguration,SaaS,Low,6,10.0,6
2020,Malware Injection,IaaS,Medium,1,4.8,0
2019,Insider Threat,IaaS,Low,10,5.3,6
2024,Data Breach,IaaS,Low,1,8.6,0
2019,Zero-Day Vulnerability,IaaS,Low,57,8.2,58
2019,Phishing,IaaS,High,27,5.4,21
2020,Phishing,IaaS,Low,24,7.3,30
2021,Data Breach,IaaS,Low,28,6.6,31
2024,API Abuse,PaaS,Low,26,7.1,31
2021,Supply Chain Compromise,PaaS,Medium,63,7.1,65
2024,Phishing,SaaS,Low,26,5.2,30
2022,API Abuse,PaaS,Low,19,8.1,11
2022,Misconfiguration,SaaS,Low,23,7.3,14
2021,Insider Threat,IaaS,Low,48,9.0,47
2020,Insider Threat,PaaS,Medium,34,6.4,15
2021,API Abuse,IaaS,Low,8,7.2,4
2019,API Abuse,IaaS,High,34,5.4,24
2019,Malware Injection,SaaS,Low,44,9.6,22
2024,Insider Threat,IaaS,Low,1,10.0,1
2023,DDoS Attack,SaaS,Medium,52,5.4,62
2021,Misconfiguration,SaaS,Medium,52,4.2,63
2019,Zero-Day Vulnerability,IaaS,Medium,102,5.5,105
2019,Misconfiguration,SaaS,Low,39,5.1,37
2024,Malware Injection,IaaS,Low,1,6.1,0
2021,Data Breach,SaaS,Low,48,8.1,20
2019,DDoS Attack,SaaS,Medium,67,4.8,57
2023,DDoS Attack,PaaS,Medium,49,6.5,32
2019,Zero-Day Vulnerability,IaaS,Medium,43,4.3,26
2022,Phishing,PaaS,Low,30,8.2,18
2019,Insider Threat,PaaS,Low,1,9.2,0
2020,Insider Threat,PaaS,Medium,57,5.2,40
2020,Supply Chain Compromise,PaaS,Low,30,5.4,12
2019,Container Escape,PaaS,Low,47,6.5,22
2024,API Abuse,IaaS,Medium,51,2.3,58
2019,Data Breach,IaaS,Low,57,6.8,53
2024,Insider Threat,SaaS,High,86,2.6,60
2021,Zero-Day Vulnerability,IaaS,Low,49,6.9,39
2019,Container Escape,IaaS,Low,1,7.8,1
2022,Zero-Day Vulnerability,IaaS,Low,34,6.9,43
2020,Data Breach,IaaS,Medium,46,5.3,25
2021,API Abuse,IaaS,Medium,38,5.9,39
2023,Data Breach,IaaS,Low,1,4.5,0
2020,API Abuse,IaaS,High,32,5.0,34
2024,Phishing,IaaS,High,61,5.6,58
2023,Misconfiguration,PaaS,Low,2,4.7,1
2023,Supply Chain Compromise,PaaS,Low,40,7.9,16
2022,DDoS Attack,PaaS,Low,14,5.2,5
2024,Container Escape,PaaS,High,44,3.8,49
2021,DDoS Attack,PaaS,High,62,3.7,37
2020,Data Breach,PaaS,High,65,5.0,35
2023,Phishing,PaaS,Low,38,8.3,32
2024,Zero-Day Vulnerability,IaaS,High,59,3.4,60
2024,Malware Injection,IaaS,Medium,21,6.3,11
2022,Insider Threat,SaaS,Medium,46,6.4,24
2021,Zero-Day Vulnerability,SaaS,Medium,35,3.5,34
2019,Zero-Day Vulnerability,IaaS,High,51,1.0,37
2021,Zero-Day Vulnerability,IaaS,High,58,4.4,72
2019,Misconfiguration,PaaS,Low,1,9.4,0
2019,Data Breach,IaaS,Low,40,7.3,20
2020,Container Escape,SaaS,Low,6,6.4,5
2020,Zero-Day Vulnerability,PaaS,Medium,23,10.0,9
2021,Malware Injection,IaaS,Low,2,6.6,0
2019,DDoS Attack,PaaS,Medium,54,2.7,23
2019,Container Escape,IaaS,Low,40,5.8,27
2024,Phishing,IaaS,Medium,37,5.5,18
2023,API Abuse,SaaS,High,58,4.4,49
2024,Container Escape,SaaS,Low,15,8.1,7
2022,Phishing,IaaS,Medium,28,1.9,16
2020,DDoS Attack,IaaS,Low,48,8.4,29
2022,Zero-Day Vulnerability,SaaS,Low,1,6.0,0
2021,API Abuse,IaaS,Medium,30,5.4,29
2024,Phishing,PaaS,Medium,54,7.6,46
2021,Zero-Day Vulnerability,IaaS,Low,17,7.0,6
2019,Misconfiguration,PaaS,Medium,35,3.9,15
2019,Insider Threat,SaaS,Medium,59,6.7,62
2021,Phishing,PaaS,Low,44,6.3,38
2024,Phishing,IaaS,Low,31,7.5,22
2023,Supply Chain Compromise,IaaS,Low,1,9.4,0
2022,Phishing,IaaS,Low,28,7.8,31
2019,API Abuse,SaaS,Low,11,5.5,13
2020,Supply Chain Compromise,IaaS,High,60,6.2,27
2019,Zero-Day Vulnerability,IaaS,Low,40,7.7,44
2022,Zero-Day Vulnerability,PaaS,High,57,2.1,32
2020,Data Breach,PaaS,Medium,88,6.4,88
2020,Malware Injection,PaaS,High,64,2.6,76
2020,Malware Injection,PaaS,Low,15,8.7,17
2024,Container Escape,IaaS,Medium,35,6.1,45
2023,Zero-Day Vulnerability,PaaS,Medium,36,6.7,34
2019,Misconfiguration,IaaS,Medium,41,5.7,34
2022,Misconfiguration,SaaS,Medium,42,8.1,36
2021,API Abuse,PaaS,High,44,4.2,40
2021,Zero-Day Vulnerability,IaaS,Low,7,5.8,8
2023,Container Escape,SaaS,Medium,69,5.6,85
2022,Insider Threat,SaaS,Low,11,5.7,14
2023,DDoS Attack,SaaS,Low,23,5.2,20
2022,Container Escape,SaaS,Low,14,6.1,14
2020,Supply Chain Compromise,PaaS,Medium,31,6.2,32
2021,Malware Injection,PaaS,Low,1,8.4,0
2024,Phishing,PaaS,Medium,44,7.8,18
2022,Data Breach,IaaS,Medium,31,6.2,19
2024,Misconfiguration,IaaS,Medium,38,6.9,43
2021,Phishing,IaaS,Medium,38,10.0,21
2022,Insider Threat,SaaS,Medium,38,6.8,30
2020,DDoS Attack,IaaS,High,53,5.6,28
2022,Misconfiguration,PaaS,Low,6,5.8,3
2023,Misconfiguration,IaaS,Low,6,7.1,7
2024,Supply Chain Compromise,IaaS,Low,37,6.5,21
2019,Supply Chain Compromise,IaaS,Medium,28,6.1,30
2021,Supply Chain Compromise,PaaS,Low,23,7.2,19
2023,Zero-Day Vulnerability,SaaS,Low,39,6.1,30
2019,Container Escape,IaaS,High,88,1.9,38
2023,Malware Injection,IaaS,Low,44,6.8,53
2020,Phishing,IaaS,Low,21,7.0,11
2024,Container Escape,PaaS,High,72,4.8,74
2023,Zero-Day Vulnerability,SaaS,Low,37,6.7,23
2023,Zero-Day Vulnerability,PaaS,Medium,51,7.9,23
2021,Supply Chain Compromise,PaaS,Low,51,7.5,22
2021,Phishing,PaaS,Low,14,7.0,6
2020,API Abuse,PaaS,Low,27,5.1,21
2023,API Abuse,SaaS,Low,21,8.1,22
2020,Container Escape,IaaS,Low,40,5.1,43
2021,Misconfiguration,IaaS,Low,22,8.0,24
2020,Data Breach,PaaS,High,90,3.0,88
2020,Misconfiguration,SaaS,High,73,1.0,88
2020,Supply Chain Compromise,SaaS,Medium,52,7.7,53
2024,DDoS Attack,IaaS,Medium,64,6.5,65
2020,Phishing,PaaS,High,34,3.3,18
2024,Phishing,IaaS,High,44,1.6,39
2022,Misconfiguration,SaaS,Low,23,5.1,25
2022,API Abuse,IaaS,Low,1,5.7,0
2024,Misconfiguration,SaaS,Low,8,7.1,4
2023,Malware Injection,IaaS,High,48,6.3,37
2021,Supply Chain Compromise,SaaS,Medium,65,5.1,41
2023,DDoS Attack,SaaS,Low,5,7.1,3
2020,Insider Threat,PaaS,High,42,3.7,19
2020,Malware Injection,PaaS,Low,1,6.0,0
2020,Supply Chain Compromise,IaaS,High,68,1.0,80
2021,Phishing,PaaS,Low,1,4.4,1
2024,Phishing,IaaS,Low,12,7.3,11
2019,Container Escape,IaaS,Medium,39,3.2,32
2023,Supply Chain Compromise,SaaS,Medium,25,7.0,15
2023,DDoS Attack,SaaS,Medium,37,4.7,47
2020,Insider Threat,PaaS,Low,11,8.6,9
2024,Container Escape,PaaS,High,76,4.8,73
2020,Container Escape,PaaS,High,44,3.5,46
2020,Supply Chain Compromise,SaaS,Low,35,8.7,35
2019,Phishing,PaaS,Medium,5,5.3,6
2020,Phishing,IaaS,Medium,23,6.5,12
2022,Data Breach,IaaS,Medium,52,4.2,65
2020,Misconfiguration,PaaS,Medium,22,7.2,18
2021,Malware Injection,SaaS,High,46,2.3,52
2023,Malware Injection,PaaS,High,68,2.6,74
2022,Data Breach,PaaS,Medium,35,5.5,38
2023,Supply Chain Compromise,IaaS,Medium,54,7.1,69
2023,Misconfiguration,PaaS,Medium,43,7.3,36
2023,Data Breach,PaaS,Low,25,7.1,10
2021,Misconfiguration,IaaS,Low,9,6.5,11
2022,API Abuse,PaaS,Medium,40,6.0,34
2022,DDoS Attack,PaaS,High,90,4.2,65
2024,Container Escape,PaaS,Low,26,5.5,11
2022,Malware Injection,SaaS,Medium,1,9.1,0
2021,Data Breach,IaaS,Low,43,8.2,42
2022,Supply Chain Compromise,SaaS,Medium,58,4.6,32
2024,Insider Threat,IaaS,High,60,4.1,37
2022,Supply Chain Compromise,SaaS,Medium,30,6.1,23
2024,Misconfiguration,IaaS,Low,1,7.4,1
2020,Supply Chain Compromise,PaaS,Medium,75,5.7,79
2019,Data Breach,IaaS,Low,6,7.6,5
2024,API Abuse,IaaS,Medium,48,7.3,59
2021,Malware Injection,IaaS,Low,24,5.2,21
2022,Misconfiguration,IaaS,Low,5,8.6,3
2021,Misconfiguration,IaaS,Medium,49,4.3,52
2019,Phishing,IaaS,Low,27,5.4,15
2022,Supply Chain Compromise,IaaS,Medium,41,3.0,38
2024,Supply Chain Compromise,SaaS,Low,43,8.1,29
2019,DDoS Attack,IaaS,Medium,31,4.1,34
2021,Insider Threat,IaaS,High,65,6.3,67
2021,DDoS Attack,SaaS,Medium,60,6.3,56
2020,Phishing,SaaS,Low,30,7.1,30
2019,Supply Chain Compromise,IaaS,Medium,18,5.1,16
2023,Zero-Day Vulnerability,IaaS,Low,13,5.3,10
2024,Data Breach,SaaS,Low,46,8.8,28
2023,Supply Chain Compromise,IaaS,Medium,68,3.5,81
2024,Zero-Day Vulnerability,PaaS,High,56,4.0,37
2019,Zero-Day Vulnerability,SaaS,Medium,72,5.9,48
2020,Phishing,IaaS,Low,3,7.7,2
2021,Supply Chain Compromise,IaaS,Low,25,6.6,28
2024,API Abuse,PaaS,Medium,40,6.4,49
2019,API Abuse,PaaS,Medium,35,4.5,30
2024,Insider Threat,PaaS,Low,6,6.2,5
2022,API Abuse,SaaS,Low,22,7.4,23
2019,Misconfiguration,IaaS,Low,50,6.6,36
2019,API Abuse,PaaS,High,46,1.4,57
2020,API Abuse,SaaS,High,82,5.3,61
2024,API Abuse,IaaS,Medium,68,6.8,85
2022,Misconfiguration,PaaS,High,45,6.0,57
2020,Insider Threat,PaaS,Low,5,7.5,4
2021,Supply Chain Compromise,PaaS,High,78,4.9,73
2021,Zero-Day Vulnerability,PaaS,Low,12,7.8,8
2024,Zero-Day Vulnerability,IaaS,Low,9,5.5,4
2021,API Abuse,IaaS,High,87,8.2,78
2022,Data Breach,SaaS,High,65,1.8,57
2019,API Abuse,SaaS,Low,1,7.3,1
2021,Data Breach,SaaS,Medium,48,2.3,43
2022,Malware Injection,PaaS,Low,1,8.8,0
2024,Supply Chain Compromise,IaaS,Medium,59,3.2,74
2023,Phishing,IaaS,Medium,46,6.1,38
2019,API Abuse,IaaS,Low,6,8.6,7
2020,API Abuse,PaaS,Medium,60,6.4,76
2020,Container Escape,PaaS,Low,24,10.0,28
2022,Supply Chain Compromise,IaaS,Low,63,7.3,74
2021,Supply Chain Compromise,IaaS,Medium,50,7.4,62
2021,DDoS Attack,PaaS,Medium,45,3.4,26
2019,Container Escape,SaaS,Low,27,6.4,34
2021,Data Breach,SaaS,Low,49,5.6,23
2024,Misconfiguration,IaaS,Medium,44,6.7,25
2022,Phishing,IaaS,High,46,2.9,54
2021,Misconfiguration,PaaS,Low,5,6.9,5
2020,DDoS Attack,PaaS,Low,56,6.8,27
2024,Insider Threat,PaaS,High,58,4.6,46
2023,Supply Chain Compromise,IaaS,Low,6,6.8,4
2020,Insider Threat,PaaS,Low,21,5.5,21
2022,API Abuse,PaaS,Medium,15,9.0,10
2019,Container Escape,IaaS,Low,6,6.4,3
2022,Data Breach,SaaS,Medium,78,4.6,94
2021,Supply Chain Compromise,IaaS,Low,13,8.3,5
2023,Data Breach,PaaS,Low,55,6.2,56
2022,Data Breach,IaaS,Low,49,7.2,21
2024,API Abuse,SaaS,Low,30,6.9,31
2020,Zero-Day Vulnerability,SaaS,High,71,6.0,84
2019,Phishing,SaaS,Low,25,9.8,31
2024,Misconfiguration,PaaS,Low,32,5.9,30
2020,Zero-Day Vulnerability,IaaS,Medium,61,8.5,46
2020,API Abuse,PaaS,Low,22,9.3,11
2023,Insider Threat,PaaS,Medium,29,2.5,16
2021,Data Breach,IaaS,Medium,45,9.4,25
2021,Data Breach,IaaS,Medium,15,5.4,7
2020,Insider Threat,SaaS,Low,3,8.9,1
2021,Malware Injection,IaaS,Medium,1,5.6,0
2024,DDoS Attack,PaaS,Low,25,8.5,26
2020,Insider Threat,PaaS,Low,33,3.7,37
2022,Phishing,PaaS,Low,1,7.3,0
2019,Phishing,IaaS,Medium,17,5.2,13
2024,Zero-Day Vulnerability,PaaS,Low,12,7.6,13
2020,Zero-Day Vulnerability,IaaS,Medium,59,6.4,42
2019,Supply Chain Compromise,IaaS,Medium,38,5.6,25
2023,DDoS Attack,IaaS,Medium,41,4.7,23
2020,Container Escape,IaaS,High,59,2.5,42
2023,Data Breach,IaaS,Low,51,8.9,48
2021,Misconfiguration,IaaS,High,46,5.5,56
2024,Supply Chain Compromise,IaaS,High,80,2.3,71
2024,Supply Chain Compromise,SaaS,Medium,27,5.5,26
2020,Misconfiguration,SaaS,High,59,5.7,54
2021,Zero-Day Vulnerability,SaaS,Low,34,8.9,31
2024,Misconfiguration,IaaS,Low,46,9.1,18
2020,Insider Threat,IaaS,Low,13,5.6,15
2022,Data Breach,IaaS,Medium,32,4.6,40
2024,Insider Threat,SaaS,Low,42,6.7,18
2019,Zero-Day Vulnerability,PaaS,Medium,69,6.1,38
2019,Container Escape,IaaS,Medium,75,6.0,33
2022,Supply Chain Compromise,SaaS,Low,23,6.6,12
2019,Supply Chain Compromise,IaaS,Medium,70,5.9,34
2024,Malware Injection,PaaS,High,55,2.9,67
2021,Data Breach,SaaS,Medium,72,6.8,56
2023,Data Breach,SaaS,Low,34,6.2,22
2019,Misconfiguration,IaaS,Medium,42,4.0,36
2020,Container Escape,IaaS,Low,25,5.9,16
2023,Container Escape,PaaS,Medium,26,4.8,26
2024,Malware Injection,PaaS,Low,22,10.0,20
2023,Data Breach,IaaS,Medium,36,4.6,26
2020,Misconfiguration,IaaS,Low,34,5.8,30
2019,API Abuse,PaaS,Medium,13,5.7,16
2024,Phishing,IaaS,Medium,18,10.0,18
2020,Malware Injection,IaaS,Low,16,7.6,6
2021,Phishing,SaaS,Medium,8,6.9,4
2020,Phishing,SaaS,Low,9,6.9,4
2021,Zero-Day Vulnerability,IaaS,Medium,59,5.3,52
2021,Malware Injection,SaaS,Low,1,6.3,0
2022,DDoS Attack,SaaS,Low,22,6.3,21
2022,Zero-Day Vulnerability,SaaS,Medium,31,4.8,35
2020,Phishing,IaaS,Low,28,8.3,12
2021,DDoS Attack,IaaS,High,51,3.5,49
2021,Insider Threat,IaaS,Medium,29,4.3,36
2024,Malware Injection,IaaS,Medium,43,6.0,18
2024,Data Breach,PaaS,Low,1,7.4,0
2021,Container Escape,PaaS,Medium,17,3.8,20
2020,Container Escape,PaaS,Low,21,6.8,27
2024,Misconfiguration,IaaS,Low,8,6.0,6
2021,Zero-Day Vulnerability,PaaS,Low,1,7.8,0
2022,Malware Injection,SaaS,Low,19,7.6,17
2022,Misconfiguration,IaaS,Low,1,4.6,0
2022,Supply Chain Compromise,IaaS,Medium,37,7.0,16
2021,Supply Chain Compromise,SaaS,Low,35,8.4,24
2021,Zero-Day Vulnerability,PaaS,Low,26,5.7,13
2024,Phishing,PaaS,Low,49,4.8,45
2020,Malware Injection,PaaS,Low,10,7.5,7
2023,Supply Chain Compromise,PaaS,Low,37,9.2,47
2023,Container Escape,SaaS,High,50,3.0,29
2019,Insider Threat,PaaS,Medium,10,5.8,7
2024,Malware Injection,SaaS,Medium,2,9.5,1
2023,Supply Chain Compromise,IaaS,High,63,5.3,40
2024,Container Escape,PaaS,Medium,66,2.8,33
2024,Zero-Day Vulnerability,SaaS,Low,26,9.0,19
2023,DDoS Attack,IaaS,Low,36,7.3,39
2019,Malware Injection,IaaS,Low,9,6.9,5
2024,Phishing,IaaS,Medium,47,6.6,31
2021,Zero-Day Vulnerability,SaaS,Low,10,8.0,8
2020,Zero-Day Vulnerability,IaaS,Medium,40,5.4,41
2020,API Abuse,SaaS,Medium,28,7.3,26
2019,Misconfiguration,IaaS,Medium,19,8.0,21
2022,Supply Chain Compromise,PaaS,Medium,71,3.9,66
2024,Container Escape,PaaS,Low,19,5.1,14
2019,Container Escape,IaaS,Medium,33,4.7,39
2020,Supply Chain Compromise,PaaS,Low,24,7.5,26
2021,DDoS Attack,IaaS,Low,31,8.8,22
2024,Supply Chain Compromise,PaaS,High,87,1.9,100
2024,Data Breach,IaaS,Medium,34,6.4,36
2020,Data Breach,IaaS,Low,42,5.9,36
2021,Malware Injection,SaaS,Low,35,6.6,29
2019,Data Breach,PaaS,Medium,64,6.8,63
2019,Insider Threat,IaaS,Low,30,5.3,35
2023,Container Escape,PaaS,Medium,34,9.0,30
2022,Misconfiguration,IaaS,Low,40,6.3,40
2021,Phishing,IaaS,High,27,4.0,13
2020,Malware Injection,SaaS,High,18,1.8,18
2019,Misconfiguration,PaaS,High,51,3.5,61
2024,Zero-Day Vulnerability,IaaS,Low,79,7.4,39
2023,Insider Threat,PaaS,Medium,10,6.3,7
2020,Zero-Day Vulnerability,PaaS,Low,36,8.5,19
2019,API Abuse,IaaS,Medium,32,5.4,19
2023,Container Escape,PaaS,Low,15,7.1,6
2024,DDoS Attack,IaaS,Low,43,6.3,37
2024,Misconfiguration,PaaS,Medium,36,5.3,24
2019,Phishing,IaaS,Medium,27,5.5,15
2019,Insider Threat,PaaS,Medium,41,7.6,27
2021,Phishing,PaaS,Medium,45,7.8,45
2023,Insider Threat,PaaS,Low,41,6.0,33
2024,API Abuse,SaaS,Medium,40,6.4,24
2024,DDoS Attack,PaaS,Medium,46,8.0,45
2019,Insider Threat,IaaS,Medium,26,7.5,13
2024,Zero-Day Vulnerability,PaaS,Low,8,6.8,6
2024,API Abuse,PaaS,Low,28,7.5,27
2022,Misconfiguration,PaaS,Medium,38,5.0,21
2021,DDoS Attack,IaaS,Low,37,5.8,22
2021,Container Escape,IaaS,Medium,35,2.5,43
2024,API Abuse,SaaS,High,73,6.2,52
2023,Phishing,IaaS,Low,1,5.4,1
2021,DDoS Attack,PaaS,Low,17,5.5,7
2023,Insider Threat,PaaS,High,66,5.0,45
2024,Container Escape,SaaS,Low,31,7.8,25
2019,Data Breach,PaaS,Medium,51,4.8,32
2024,Container Escape,SaaS,Low,11,8.8,7
2024,Zero-Day Vulnerability,PaaS,Medium,43,4.4,40
2020,Malware Injection,SaaS,High,21,3.8,23
2022,Phishing,PaaS,High,3,2.5,3
2024,Phishing,SaaS,Low,8,5.1,8
2022,Phishing,SaaS,Medium,39,4.2,37
2024,Malware Injection,PaaS,High,41,2.1,33
2021,Zero-Day Vulnerability,IaaS,Low,24,7.3,18
2022,Misconfiguration,PaaS,High,80,7.3,103
2020,Malware Injection,PaaS,Medium,37,5.6,21
2019,Supply Chain Compromise,IaaS,Medium,51,3.3,25
2024,Phishing,IaaS,Medium,45,8.7,27
2022,API Abuse,IaaS,Low,1,6.1,0
2023,Zero-Day Vulnerability,SaaS,Medium,79,4.5,45
2021,Data Breach,IaaS,Low,18,6.0,18
2023,API Abuse,IaaS,High,56,8.2,62
2022,DDoS Attack,PaaS,High,75,1.0,53
2024,DDoS Attack,SaaS,Low,1,7.3,1
2019,Phishing,PaaS,High,50,2.9,22
2022,Container Escape,IaaS,High,89,5.3,53
2024,Zero-Day Vulnerability,PaaS,Low,36,7.4,34
2023,API Abuse,PaaS,Low,1,7.5,0
2021,Phishing,IaaS,Low,13,8.5,11
2023,Phishing,PaaS,Low,1,8.7,0
2022,Data Breach,PaaS,Medium,61,5.3,63
2021,Misconfiguration,IaaS,Low,4,6.3,3
2020,Container Escape,SaaS,Low,52,7.3,55
2020,Phishing,SaaS,Low,20,6.5,25
2019,DDoS Attack,PaaS,Medium,19,4.5,8
2019,Misconfiguration,SaaS,Low,14,9.1,10
2021,API Abuse,SaaS,Low,9,6.2,9
2019,Insider Threat,IaaS,Low,15,8.2,9
2022,Zero-Day Vulnerability,IaaS,Medium,48,5.8,24
2019,Malware Injection,PaaS,Low,11,6.5,10
2020,Insider Threat,PaaS,Medium,25,7.6,10
2023,Supply Chain Compromise,PaaS,Medium,48,6.7,32
2019,Container Escape,PaaS,Low,24,5.2,25
2020,Data Breach,SaaS,High,87,6.6,86
2024,DDoS Attack,SaaS,Medium,71,4.2,79
2020,Malware Injection,PaaS,Medium,52,5.5,56
2021,Container Escape,PaaS,High,72,4.7,32
2019,Supply Chain Compromise,SaaS,Low,34,6.8,41
2019,Malware Injection,PaaS,Medium,50,8.9,52
2022,Data Breach,SaaS,Low,26,7.3,27
2020,DDoS Attack,IaaS,Medium,54,7.3,51
2020,Misconfiguration,SaaS,Low,34,6.5,23
2021,Supply Chain Compromise,SaaS,Low,49,7.3,55
2022,API Abuse,PaaS,Medium,33,6.0,18
2019,Data Breach,IaaS,Medium,21,5.1,15
2021,Zero-Day Vulnerability,IaaS,Low,22,7.3,23
2022,Malware Injection,SaaS,Medium,39,4.0,37
2019,Supply Chain Compromise,IaaS,Low,24,6.8,10
2019,Insider Threat,SaaS,Medium,25,4.5,17
2020,API Abuse,PaaS,Medium,63,5.8,66
2022,DDoS Attack,IaaS,Low,29,7.3,27
2019,Misconfiguration,SaaS,Low,24,6.0,29
2021,Insider Threat,IaaS,High,46,4.3,27
2019,Misconfiguration,SaaS,High,48,6.3,49
2021,Misconfiguration,PaaS,Low,17,7.2,7
2020,DDoS Attack,SaaS,Medium,35,5.6,38
2023,Supply Chain Compromise,PaaS,Medium,77,7.1,37
2020,Misconfiguration,IaaS,Low,1,7.7,0
2024,Zero-Day Vulnerability,IaaS,Medium,42,6.8,41
2021,Misconfiguration,PaaS,Low,1,5.8,0
2022,Insider Threat,IaaS,Medium,21,5.8,14
2021,Insider Threat,PaaS,Low,20,7.2,21
2021,API Abuse,IaaS,Low,21,7.0,16
2024,Malware Injection,PaaS,Medium,48,5.5,55
2024,Insider Threat,IaaS,High,33,9.1,33
2023,Container Escape,SaaS,Medium,12,6.6,9
2021,Supply Chain Compromise,IaaS,Low,19,7.6,17
2023,Data Breach,IaaS,Medium,46,5.4,46
2019,Container Escape,IaaS,Medium,51,3.3,53
2019,Insider Threat,PaaS,High,56,1.0,62
2022,Supply Chain Compromise,IaaS,Low,9,8.0,10
2024,Misconfiguration,PaaS,Medium,25,2.9,31
2019,Zero-Day Vulnerability,SaaS,High,78,3.0,43
2023,Insider Threat,SaaS,High,84,2.4,74
2022,Zero-Day Vulnerability,SaaS,Low,25,6.5,14
2020,Data Breach,IaaS,High,71,4.4,78
2019,Supply Chain Compromise,SaaS,Low,31,6.0,17
2020,Misconfiguration,SaaS,Medium,38,3.3,41
2020,DDoS Attack,IaaS,Low,67,9.3,62
2022,Insider Threat,SaaS,Medium,21,6.0,22
2022,Misconfiguration,IaaS,Medium,38,6.2,41
2023,API Abuse,SaaS,Medium,37,8.5,14
2024,Insider Threat,IaaS,Low,5,7.5,2
2024,Zero-Day Vulnerability,IaaS,Medium,13,5.1,10
2019,Zero-Day Vulnerability,SaaS,Low,48,5.1,40
2024,DDoS Attack,IaaS,Medium,36,4.6,35
2021,Supply Chain Compromise,IaaS,Medium,36,5.1,34
2022,Malware Injection,PaaS,Low,5,6.3,5
2023,Misconfiguration,SaaS,Low,1,8.0,0
2019,Malware Injection,IaaS,Low,1,5.8,1
2021,Zero-Day Vulnerability,IaaS,Low,1,8.6,0
2023,Zero-Day Vulnerability,IaaS,Medium,55,6.5,50
2023,API Abuse,PaaS,High,40,4.8,45
2023,Misconfiguration,PaaS,Low,16,6.6,9
2021,DDoS Attack,IaaS,Medium,44,2.4,53
2019,Supply Chain Compromise,IaaS,Low,1,5.8,0
2019,Zero-Day Vulnerability,SaaS,Medium,41,4.7,35
2020,Malware Injection,PaaS,Low,17,8.8,17
2021,Misconfiguration,PaaS,Medium,18,4.8,10
2024,Supply Chain Compromise,PaaS,High,60,2.3,32
2019,Phishing,IaaS,Medium,24,6.4,21
2020,Container Escape,PaaS,Low,22,9.0,19
2020,Malware Injection,PaaS,Low,29,5.9,25
2020,Supply Chain Compromise,SaaS,High,103,4.6,77
2021,Misconfiguration,IaaS,Medium,19,5.2,14
2024,DDoS Attack,IaaS,Medium,45,5.7,31
2024,Phishing,SaaS,Low,4,7.5,2
2021,API Abuse,PaaS,Medium,36,6.1,22
2023,Insider Threat,PaaS,Low,8,3.7,6
2024,Data Breach,IaaS,Medium,52,5.5,36
2021,DDoS Attack,PaaS,Medium,52,6.1,61
2020,Phishing,IaaS,Medium,12,8.4,9
2022,Insider Threat,IaaS,Medium,56,6.1,30
2019,Zero-Day Vulnerability,SaaS,Medium,32,5.2,37
2022,Insider Threat,IaaS,Low,25,8.2,27
2019,Misconfiguration,PaaS,Low,27,8.6,29
2021,Phishing,PaaS,High,59,1.6,38
2023,Zero-Day Vulnerability,PaaS,Low,44,5.1,34
2020,DDoS Attack,PaaS,Low,22,7.9,18
2022,Misconfiguration,PaaS,Low,6,7.7,7
2022,Data Breach,IaaS,Low,33,6.7,35
2021,Data Breach,PaaS,Low,6,8.0,6
2021,API Abuse,IaaS,High,64,2.3,66
2019,Data Breach,PaaS,Low,45,8.3,54
2023,Zero-Day Vulnerability,SaaS,Low,22,6.4,12
2021,DDoS Attack,PaaS,Low,1,6.1,0
2024,DDoS Attack,IaaS,Low,2,5.9,1
2019,Data Breach,PaaS,Low,1,8.2,0
2023,Misconfiguration,SaaS,Medium,38,5.5,33
2019,Misconfiguration,PaaS,Medium,33,3.7,37
2019,Zero-Day Vulnerability,IaaS,Low,33,7.1,20
2024,Insider Threat,PaaS,Low,18,7.5,19
2020,Container Escape,IaaS,Low,26,5.9,33
2019,DDoS Attack,IaaS,High,57,5.0,56
2020,API Abuse,IaaS,Low,23,5.1,29
2022,Container Escape,SaaS,Low,32,6.1,17
2020,Zero-Day Vulnerability,PaaS,High,105,3.7,74
2023,Supply Chain Compromise,IaaS,High,53,3.9,28
2021,API Abuse,SaaS,Low,13,8.0,9
2021,Malware Injection,PaaS,Low,36,6.5,18
2019,Data Breach,IaaS,Medium,32,5.2,20
2020,Insider Threat,IaaS,Medium,49,3.7,20
2020,Supply Chain Compromise,SaaS,Low,10,5.3,8
2024,Misconfiguration,IaaS,Medium,24,5.9,15
2020,Insider Threat,IaaS,Medium,51,5.5,49
2023,Malware Injection,IaaS,Medium,23,5.4,22
2022,Data Breach,IaaS,Medium,59,8.4,72
2022,API Abuse,IaaS,Medium,44,5.1,28
2024,Zero-Day Vulnerability,IaaS,High,84,2.0,73
2021,Data Breach,IaaS,Low,38,7.6,43
2021,Malware Injection,IaaS,Medium,54,5.7,46
2019,DDoS Attack,IaaS,Low,37,7.2,24
2023,Misconfiguration,SaaS,Medium,20,5.0,12
2022,Data Breach,PaaS,Low,39,6.2,37
2023,Phishing,SaaS,Low,22,7.4,10
2024,Phishing,PaaS,Medium,13,5.6,7
2019,Insider Threat,SaaS,Low,19,6.8,10
2022,API Abuse,IaaS,Low,43,7.8,32
2024,Phishing,IaaS,Medium,56,7.5,57
2020,Container Escape,SaaS,High,83,7.8,50
2024,Malware Injection,PaaS,Medium,32,3.7,16
2020,Insider Threat,PaaS,Low,11,6.0,7
2019,Zero-Day Vulnerability,PaaS,Medium,43,6.9,51
2020,Phishing,PaaS,Low,16,7.5,10
2024,Zero-Day Vulnerability,SaaS,Low,28,8.5,32
2024,Zero-Day Vulnerability,PaaS,Medium,35,6.5,20
2023,API Abuse,IaaS,Medium,59,6.4,55
2022,Misconfiguration,PaaS,Medium,73,4.0,47
2021,Container Escape,IaaS,Medium,42,2.2,33
2020,Insider Threat,SaaS,Medium,29,4.4,25
2020,Zero-Day Vulnerability,SaaS,Low,9,7.1,7
2020,API Abuse,IaaS,Low,1,8.2,1
2019,Data Breach,PaaS,Medium,77,5.0,81
2024,Misconfiguration,IaaS,Low,12,5.7,9
2019,Malware Injection,SaaS,Low,6,7.9,5
2019,Data Breach,SaaS,Low,9,4.7,6
2020,Insider Threat,SaaS,Low,38,7.2,31
2023,Supply Chain Compromise,IaaS,Low,30,6.0,35
2020,Container Escape,SaaS,Medium,36,5.7,39
2020,Supply Chain Compromise,PaaS,Medium,48,6.7,36
2023,Supply Chain Compromise,PaaS,High,116,4.3,64
2024,Insider Threat,PaaS,Low,9,10.0,7
2023,Insider Threat,IaaS,Low,1,6.5,0
2020,Zero-Day Vulnerability,IaaS,Low,65,10.0,33
2022,DDoS Attack,PaaS,High,43,1.3,55
2021,API Abuse,PaaS,Low,46,6.1,50
2021,Insider Threat,PaaS,High,49,2.4,56
2020,Data Breach,IaaS,Low,19,4.5,17
2024,Supply Chain Compromise,PaaS,Low,55,6.3,69
2024,Container Escape,IaaS,Medium,43,4.3,41
2019,Insider Threat,IaaS,Medium,40,9.2,47
2019,Supply Chain Compromise,SaaS,Medium,40,8.0,31
2024,Zero-Day Vulnerability,PaaS,Medium,66,7.4,34
2023,Malware Injection,SaaS,Low,41,5.1,44
2022,Container Escape,PaaS,Low,38,6.0,28
2024,DDoS Attack,IaaS,Low,2,5.0,2
2021,Malware Injection,IaaS,High,40,4.0,19
2024,DDoS Attack,IaaS,Low,24,5.7,30
2021,Misconfiguration,PaaS,Low,19,7.8,23
2023,API Abuse,IaaS,Medium,49,5.3,25
2022,Insider Threat,SaaS,Low,44,6.8,54
2019,Data Breach,IaaS,Low,17,8.2,6
2024,Data Breach,SaaS,Low,8,6.9,4
2023,Misconfiguration,IaaS,Medium,37,5.2,36
2020,API Abuse,SaaS,Low,17,8.8,7
2019,DDoS Attack,IaaS,High,58,3.2,56
2023,Data Breach,IaaS,Medium,85,2.9,46
2020,Malware Injection,PaaS,Low,15,4.9,10
2020,Zero-Day Vulnerability,SaaS,Medium,34,3.9,19
2019,Misconfiguration,IaaS,Low,1,9.5,1
2023,Zero-Day Vulnerability,SaaS,Low,55,6.1,63
2021,DDoS Attack,PaaS,High,60,4.0,38
2023,Supply Chain Compromise,PaaS,Low,24,6.9,29
2019,Phishing,IaaS,Medium,45,5.7,25
2024,API Abuse,PaaS,Medium,47,5.1,47
2021,Insider Threat,IaaS,Medium,31,7.5,27
2019,Data Breach,PaaS,Medium,39,7.3,38
2020,Phishing,IaaS,Low,1,8.1,0
2022,Data Breach,IaaS,High,80,3.7,98
2019,API Abuse,IaaS,High,53,3.5,21
2022,Supply Chain Compromise,IaaS,Medium,23,6.1,23
2020,DDoS Attack,SaaS,Low,15,8.0,10
2023,Data Breach,PaaS,Medium,37,6.7,40
2023,Container Escape,PaaS,High,85,2.6,106
2022,Misconfiguration,SaaS,Low,1,8.6,0
2021,API Abuse,IaaS,High,48,4.7,60
2024,Misconfiguration,SaaS,Medium,28,5.8,16
2020,DDoS Attack,IaaS,Low,33,6.7,32
2023,Insider Threat,SaaS,High,75,4.3,43
2019,API Abuse,IaaS,Low,24,6.9,24
2021,DDoS Attack,SaaS,Low,48,8.5,33
2021,Phishing,IaaS,Low,20,7.5,25
2020,Insider Threat,PaaS,High,41,4.1,35
2023,Zero-Day Vulnerability,PaaS,Medium,91,4.2,67
2024,Data Breach,SaaS,Medium,70,3.8,34
2019,DDoS Attack,IaaS,Low,46,8.2,50
2020,Insider Threat,PaaS,Medium,75,5.1,79
2019,Malware Injection,PaaS,Low,1,6.0,0
2022,Data Breach,IaaS,Low,30,4.7,18
2024,Supply Chain Compromise,IaaS,Medium,53,5.9,45
2023,DDoS Attack,PaaS,High,61,3.6,65
2020,Phishing,SaaS,Low,31,5.5,13
2020,Insider Threat,PaaS,Low,40,6.3,51
2023,Phishing,SaaS,Medium,30,9.4,22
2019,Insider Threat,IaaS,Low,1,9.3,1
2021,DDoS Attack,PaaS,Low,66,8.0,38
2024,Malware Injection,IaaS,Medium,14,4.7,9
2019,Malware Injection,IaaS,Low,15,6.9,16
2019,API Abuse,PaaS,Medium,47,2.4,39
2020,Data Breach,SaaS,High,93,5.0,94
2022,Malware Injection,PaaS,Low,22,8.0,11
2019,Phishing,IaaS,Low,8,7.4,10
2024,Data Breach,SaaS,Low,31,8.2,22
2020,Misconfiguration,IaaS,Medium,43,5.7,39
2019,Supply Chain Compromise,IaaS,Medium,44,7.2,44
2020,DDoS Attack,IaaS,Medium,80,4.5,78
2023,Phishing,IaaS,Low,26,8.4,21
2021,Insider Threat,SaaS,High,65,2.7,41
2024,Data Breach,IaaS,High,72,3.5,62
2019,API Abuse,IaaS,Medium,20,4.2,19
2022,Supply Chain Compromise,IaaS,Low,11,6.7,12
2022,Container Escape,PaaS,Low,20,7.2,10
2021,Phishing,IaaS,High,76,1.7,81
2020,Misconfiguration,IaaS,High,41,1.0,31
2024,Misconfiguration,PaaS,High,48,3.3,30
2024,Data Breach,PaaS,Low,14,4.8,15
2021,DDoS Attack,IaaS,High,88,6.8,94
2019,API Abuse,IaaS,High,81,1.3,44
2019,Zero-Day Vulnerability,IaaS,High,88,1.0,60
2020,Zero-Day Vulnerability,IaaS,Medium,60,6.9,74
2024,Data Breach,PaaS,High,44,6.8,18
2022,DDoS Attack,SaaS,Low,50,6.4,38
2019,Data Breach,IaaS,High,49,5.6,61
2020,Insider Threat,PaaS,High,38,5.3,44
2021,Zero-Day Vulnerability,IaaS,Low,32,6.4,27
2024,API Abuse,PaaS,Medium,36,6.0,15
2022,Insider Threat,PaaS,Low,60,6.8,41
2021,Malware Injection,IaaS,Medium,49,7.3,38
2020,Zero-Day Vulnerability,IaaS,Medium,62,5.3,46
2022,Zero-Day Vulnerability,SaaS,Medium,27,1.9,31
2020,Data Breach,IaaS,High,58,3.7,55
2022,Misconfiguration,SaaS,High,92,2.7,96
2022,Container Escape,SaaS,Medium,65,5.1,81
2024,DDoS Attack,SaaS,Low,33,7.1,38
2022,Data Breach,IaaS,Medium,44,4.9,26
2019,Phishing,PaaS,Medium,47,2.3,52
2021,Zero-Day Vulnerability,IaaS,Low,46,8.8,57
2020,Supply Chain Compromise,PaaS,Low,41,4.5,50
2020,Supply Chain Compromise,SaaS,Low,7,5.0,6
2019,Phishing,SaaS,High,72,1.0,64
2024,API Abuse,PaaS,Low,10,5.8,5
2020,Data Breach,IaaS,Medium,52,2.6,44
2023,Container Escape,IaaS,Low,54,7.3,26
2022,Zero-Day Vulnerability,IaaS,Low,52,8.0,32
2019,DDoS Attack,SaaS,Low,33,10.0,16
2019,Phishing,IaaS,Medium,24,6.4,13
2024,Insider Threat,SaaS,Low,8,8.0,7
2024,Zero-Day Vulnerability,PaaS,Low,1,7.6,1
2022,Phishing,SaaS,High,62,1.0,25
2019,API Abuse,PaaS,Low,14,7.8,16
2019,Malware Injection,PaaS,Low,13,6.1,11
2022,Misconfiguration,PaaS,Medium,34,4.7,39
2023,Supply Chain Compromise,IaaS,Medium,42,7.8,50
2023,DDoS Attack,IaaS,High,59,4.8,33
2019,Supply Chain Compromise,PaaS,Medium,56,5.9,55
2021,Insider Threat,PaaS,Low,55,8.9,69
2024,Container Escape,PaaS,Medium,88,5.5,69
2022,Malware Injection,IaaS,Medium,25,5.2,26
2022,DDoS Attack,SaaS,Medium,78,7.4,41
2020,Insider Threat,PaaS,High,51,4.2,31
2022,Insider Threat,IaaS,Low,37,7.7,25
2023,Phishing,IaaS,Medium,31,4.5,13
2021,Container Escape,PaaS,High,53,5.7,54
2021,Insider Threat,PaaS,High,64,4.0,40
2019,Malware Injection,SaaS,High,69,3.3,33
2023,Insider Threat,IaaS,Medium,32,5.8,19
2024,DDoS Attack,PaaS,High,59,5.3,66
2023,Container Escape,PaaS,Medium,9,3.4,9
2019,Insider Threat,PaaS,Low,38,7.0,45
2020,Zero-Day Vulnerability,PaaS,Medium,80,5.4,45
2019,Misconfiguration,SaaS,Low,62,7.1,50
2020,Malware Injection,PaaS,Low,33,6.6,17
2023,API Abuse,IaaS,Low,13,7.6,11
2019,Zero-Day Vulnerability,IaaS,Low,69,6.5,70
2024,Data Breach,PaaS,Low,46,7.2,59
2022,Malware Injection,PaaS,Low,13,7.8,15
2022,Supply Chain Compromise,IaaS,Medium,83,5.8,62
2021,Misconfiguration,IaaS,Medium,33,4.7,14
2019,API Abuse,PaaS,Low,39,8.1,39
2021,DDoS Attack,SaaS,Low,50,6.3,34
2019,API Abuse,SaaS,Medium,70,4.2,70
2019,Misconfiguration,IaaS,Low,44,9.1,51
2024,Misconfiguration,PaaS,Medium,31,5.3,36
2021,Container Escape,PaaS,High,25,3.8,25
2022,Zero-Day Vulnerability,IaaS,Medium,40,3.3,50
2024,Supply Chain Compromise,SaaS,Medium,66,5.8,84
2021,Insider Threat,IaaS,Low,20,7.2,24
2022,Zero-Day Vulnerability,SaaS,Medium,84,4.7,65
2021,Insider Threat,IaaS,High,58,2.8,24
2020,Supply Chain Compromise,IaaS,High,90,3.7,114
2020,API Abuse,PaaS,Low,31,6.4,39
2023,Container Escape,IaaS,High,47,3.7,18
2019,Misconfiguration,IaaS,Low,22,8.7,17
2019,Zero-Day Vulnerability,PaaS,Medium,59,7.9,36
2020,DDoS Attack,SaaS,High,57,3.1,55
2020,Malware Injection,PaaS,Medium,43,2.6,33
2024,Container Escape,IaaS,Low,16,8.7,9
2020,Phishing,IaaS,Medium,33,2.6,34
2022,Phishing,SaaS,Low,1,7.6,0
2023,Misconfiguration,PaaS,High,92,3.1,62
2019,Misconfiguration,SaaS,Medium,22,3.2,14
2019,API Abuse,SaaS,Low,26,7.8,29
2021,API Abuse,SaaS,Low,10,9.1,7
2020,Data Breach,IaaS,Low,30,8.8,22
2022,Supply Chain Compromise,PaaS,High,73,4.1,78
2021,Phishing,PaaS,Medium,47,4.4,35
2024,Zero-Day Vulnerability,IaaS,Low,36,9.1,26
2024,Phishing,IaaS,Low,37,9.3,21
2020,Supply Chain Compromise,PaaS,High,73,4.8,54
2020,Phishing,IaaS,High,81,3.5,50
2021,API Abuse,SaaS,High,52,5.8,31
2020,Container Escape,PaaS,High,111,2.9,66
2019,Supply Chain Compromise,IaaS,High,55,4.5,35
2024,Supply Chain Compromise,IaaS,Low,34,6.1,42
2023,Container Escape,PaaS,High,83,5.0,104
2020,Malware Injection,PaaS,Medium,3,10.0,3
2019,Zero-Day Vulnerability,SaaS,Medium,45,6.7,50
2021,Misconfiguration,SaaS,Low,9,6.5,10
2022,Zero-Day Vulnerability,PaaS,High,75,2.0,82
2022,Phishing,SaaS,Medium,61,4.4,58
2022,Malware Injection,PaaS,Low,1,8.7,1
2020,Misconfiguration,SaaS,High,92,3.8,82
2024,Zero-Day Vulnerability,PaaS,Medium,77,4.6,36
2019,Supply Chain Compromise,SaaS,Medium,64,7.1,34
2020,Container Escape,PaaS,Medium,29,4.1,32
2021,Phishing,SaaS,High,63,4.2,42
2019,API Abuse,PaaS,Medium,33,6.5,16
2023,Phishing,SaaS,Low,20,4.7,17
2024,DDoS Attack,IaaS,Low,31,8.0,30
2024,Phishing,IaaS,Low,40,9.3,50
2019,Supply Chain Compromise,SaaS,Low,36,8.8,26
2023,API Abuse,IaaS,Medium,46,7.2,36
2022,API Abuse,PaaS,Medium,20,5.2,9
2022,Malware Injection,IaaS,Low,1,4.7,0
2020,DDoS Attack,PaaS,Medium,84,8.0,34
2019,API Abuse,SaaS,Low,1,10.0,1
2024,Misconfiguration,PaaS,Low,1,6.4,0
2024,Malware Injection,SaaS,Medium,40,6.4,44
2022,Malware Injection,SaaS,Low,32,8.3,17
2024,Insider Threat,PaaS,Medium,61,7.9,62
2024,Misconfiguration,IaaS,Medium,14,3.5,10
2021,Malware Injection,PaaS,Medium,33,5.8,24
2023,DDoS Attack,PaaS,High,70,5.2,45
2021,API Abuse,PaaS,Low,24,8.4,17
2023,DDoS Attack,IaaS,High,59,2.1,28
2020,Insider Threat,PaaS,Medium,28,6.1,28
2023,Malware Injection,IaaS,Medium,3,5.3,1
2023,API Abuse,IaaS,Low,1,10.0,0
2024,DDoS Attack,IaaS,Low,53,8.2,41
2019,Insider Threat,IaaS,Low,19,7.6,14
2022,DDoS Attack,SaaS,High,73,8.0,78
2022,Misconfiguration,IaaS,High,47,4.8,59
2019,Data Breach,PaaS,Low,47,7.6,43
2021,Zero-Day Vulnerability,SaaS,High,78,4.7,94
2024,Insider Threat,IaaS,High,68,8.5,53
2023,Zero-Day Vulnerability,PaaS,High,51,1.3,39
2023,Phishing,IaaS,Low,2,6.9,1
2024,Container Escape,IaaS,Medium,56,4.6,67
2023,Phishing,IaaS,Medium,25,5.6,26
2020,Data Breach,IaaS,High,82,6.9,97
2023,Container Escape,PaaS,Low,13,9.1,5
2019,DDoS Attack,SaaS,Low,1,4.6,1
2022,Supply Chain Compromise,IaaS,High,64,2.3,79
2024,Zero-Day Vulnerability,PaaS,Low,12,8.7,12
2021,Malware Injection,SaaS,Low,7,7.4,7
2024,Container Escape,PaaS,Low,30,6.5,16
2020,Insider Threat,IaaS,Medium,8,4.5,8
2023,Phishing,SaaS,Low,1,5.7,0
2022,Zero-Day Vulnerability,IaaS,Medium,60,8.0,56
2024,Insider Threat,IaaS,Medium,33,4.6,19
2022,Container Escape,SaaS,Low,26,7.7,11
2019,Supply Chain Compromise,SaaS,Medium,40,6.5,32
2023,Phishing,PaaS,High,55,4.6,55
2021,Data Breach,SaaS,Low,36,8.4,37
2021,Malware Injection,SaaS,Low,1,7.4,0
2022,Supply Chain Compromise,SaaS,Low,1,5.9,1
2020,Insider Threat,PaaS,Medium,35,6.9,43
2021,API Abuse,SaaS,Medium,28,5.3,26
2020,Insider Threat,IaaS,Low,40,5.6,26
2022,Data Breach,SaaS,High,61,4.1,72
2020,Zero-Day Vulnerability,IaaS,Low,34,5.6,22
2024,API Abuse,PaaS,Low,1,6.3,1
2023,Phishing,SaaS,Medium,47,5.6,42
2023,Misconfiguration,IaaS,Low,1,7.9,0
2019,Supply Chain Compromise,SaaS,Medium,56,6.6,64
2021,Data Breach,IaaS,Medium,25,3.7,27
2021,Phishing,PaaS,Medium,39,5.3,50
2019,API Abuse,IaaS,Low,1,9.3,0
2021,Insider Threat,IaaS,Low,8,6.5,5
2020,Supply Chain Compromise,PaaS,Medium,33,6.4,21
2020,Insider Threat,PaaS,High,51,6.8,62
2020,Data Breach,PaaS,Low,34,7.8,36
2024,Phishing,SaaS,Medium,39,3.6,45
2023,Zero-Day Vulnerability,PaaS,Medium,47,4.1,32
2022,Container Escape,IaaS,High,47,3.0,48
2022,Supply Chain Compromise,IaaS,Medium,24,5.0,25
2024,API Abuse,IaaS,Medium,9,6.0,7
2022,Zero-Day Vulnerability,IaaS,High,60,1.8,58
2024,Phishing,PaaS,Low,19,7.1,19
2021,Insider Threat,PaaS,Low,5,6.0,5
2021,Malware Injection,PaaS,Medium,49,8.8,46
2024,DDoS Attack,IaaS,High,99,5.6,62
2022,Insider Threat,PaaS,Medium,30,5.2,25
2020,DDoS Attack,SaaS,Low,23,10.0,13
2021,Misconfiguration,PaaS,High,42,5.6,44
2024,Data Breach,PaaS,High,95,2.8,99
2021,Container Escape,SaaS,Low,35,6.3,41
2021,API Abuse,IaaS,Medium,32,4.7,32
2020,Data Breach,SaaS,Medium,63,6.0,62
2022,Misconfiguration,IaaS,Low,1,6.5,0
2021,Misconfiguration,PaaS,Low,35,10.0,19
2020,Insider Threat,IaaS,Medium,29,3.1,20
2022,Malware Injection,IaaS,Medium,40,9.1,42
2024,Misconfiguration,IaaS,High,102,1.0,60
2024,Data Breach,PaaS,Medium,12,6.0,10
2023,Container Escape,SaaS,Medium,43,5.3,38
2022,API Abuse,SaaS,Low,1,5.6,1
2022,Data Breach,IaaS,Low,8,7.1,8
2019,Zero-Day Vulnerability,SaaS,Low,30,8.2,26
2019,Misconfiguration,IaaS,Low,17,8.5,9
2023,Container Escape,IaaS,Medium,32,5.1,36
2024,DDoS Attack,SaaS,Low,29,5.8,26
2024,Insider Threat,PaaS,High,60,2.4,70
2019,Malware Injection,PaaS,Medium,34,5.3,39
2021,Supply Chain Compromise,PaaS,Medium,69,4.0,64
2021,DDoS Attack,PaaS,Low,64,6.0,67
2024,Misconfiguration,IaaS,Medium,22,5.7,14
2022,Malware Injection,IaaS,Low,17,5.2,21
2020,Misconfiguration,IaaS,Low,15,5.6,18
2020,Supply Chain Compromise,SaaS,High,95,5.0,114
2024,Supply Chain Compromise,PaaS,High,64,5.0,48
2019,Misconfiguration,IaaS,Medium,18,4.2,13
2024,Container Escape,PaaS,Low,58,6.4,46
2024,Zero-Day Vulnerability,IaaS,Medium,67,8.2,43
2021,Malware Injection,PaaS,Medium,12,3.9,9
2022,Zero-Day Vulnerability,PaaS,Low,23,7.9,11
2022,Supply Chain Compromise,IaaS,Medium,39,4.5,48
2021,Malware Injection,PaaS,Low,12,5.4,10
2020,DDoS Attack,SaaS,Low,21,7.0,10
2023,Phishing,PaaS,Medium,63,7.0,51
2024,API Abuse,IaaS,Low,27,8.5,32
2020,DDoS Attack,IaaS,Low,39,6.2,29
2020,DDoS Attack,IaaS,Low,32,7.5,15
2019,Supply Chain Compromise,PaaS,Low,69,7.5,52
2022,DDoS Attack,IaaS,Medium,36,2.8,29
2024,Supply Chain Compromise,SaaS,Low,41,9.0,41
2021,Supply Chain Compromise,SaaS,Medium,57,6.2,33
2022,Malware Injection,IaaS,High,52,2.9,23
2023,Phishing,IaaS,Medium,41,7.2,22
2020,Phishing,PaaS,Low,50,9.9,39
2020,Phishing,PaaS,Medium,64,4.2,46
2024,Data Breach,IaaS,High,88,5.2,45
2024,DDoS Attack,SaaS,Medium,55,7.2,39
2023,Phishing,SaaS,Medium,45,3.9,52
2023,DDoS Attack,PaaS,Low,26,5.6,24
2020,DDoS Attack,PaaS,High,87,4.2,99
2023,Malware Injection,IaaS,Medium,43,8.5,22
2022,Data Breach,IaaS,Medium,64,3.9,74
2020,Container Escape,IaaS,Low,61,5.4,33
2024,Container Escape,SaaS,Low,34,8.3,22
2021,Malware Injection,SaaS,Low,12,6.9,14
2021,DDoS Attack,IaaS,High,67,4.8,67
2024,Malware Injection,PaaS,Low,20,4.6,18
2021,Malware Injection,PaaS,Low,42,5.8,17
2023,Malware Injection,IaaS,Low,1,6.5,1
2019,Data Breach,PaaS,Medium,55,5.9,38
2020,Insider Threat,SaaS,High,51,1.8,46
2019,Malware Injection,SaaS,High,56,6.3,28
2020,Zero-Day Vulnerability,SaaS,Medium,49,7.2,48
2024,Malware Injection,SaaS,Low,9,5.8,10
2024,Data Breach,PaaS,Medium,18,5.5,18
2023,Insider Threat,IaaS,Low,25,8.7,27
2022,Container Escape,SaaS,Low,22,6.8,19
2021,Container Escape,PaaS,Low,36,7.8,45
2024,Phishing,PaaS,High,53,7.9,39
2021,Phishing,IaaS,Low,1,7.8,0
2024,Supply Chain Compromise,SaaS,Low,1,9.5,1
2022,DDoS Attack,PaaS,Low,7,5.8,5
2020,Zero-Day Vulnerability,PaaS,Low,3,8.9,2
2021,Malware Injection,IaaS,Low,5,8.6,2
2021,Phishing,PaaS,Medium,15,4.6,9
2019,Phishing,PaaS,Medium,52,5.9,41
2021,Container Escape,IaaS,High,56,2.8,70
2022,DDoS Attack,SaaS,High,98,6.9,109
2019,Container Escape,IaaS,Medium,38,5.3,27
2021,Misconfiguration,IaaS,Low,1,7.8,1
2020,Supply Chain Compromise,PaaS,Low,43,5.4,51
2024,Zero-Day Vulnerability,IaaS,Medium,67,2.9,75
2023,Phishing,PaaS,High,44,6.0,50
2023,Zero-Day Vulnerability,IaaS,Low,19,6.1,12
2022,Misconfiguration,SaaS,High,52,6.0,48
2020,DDoS Attack,IaaS,Medium,75,4.5,75
2020,Insider Threat,SaaS,Low,15,7.2,9
2023,Insider Threat,PaaS,Low,10,6.3,10
2022,DDoS Attack,PaaS,Low,42,7.5,35
2021,Misconfiguration,IaaS,Low,12,7.7,11
2023,Malware Injection,IaaS,Medium,48,4.5,48
2020,Insider Threat,PaaS,Low,29,4.3,13
2021,API Abuse,SaaS,High,46,2.6,42
2023,Data Breach,SaaS,Low,45,8.4,46
2020,Data Breach,IaaS,Low,36,5.8,30
2022,Zero-Day Vulnerability,IaaS,Low,56,5.0,23
2019,Data Breach,IaaS,Medium,29,7.1,27
2024,Malware Injection,IaaS,Medium,10,8.5,11
2023,Data Breach,SaaS,High,88,5.7,109
2019,Data Breach,SaaS,Low,53,5.2,55
2019,Misconfiguration,SaaS,Low,43,10.0,20
2019,API Abuse,IaaS,Low,47,6.5,28
2022,Insider Threat,IaaS,High,50,3.6,46
2023,Malware Injection,IaaS,Medium,23,3.8,24
2020,DDoS Attack,PaaS,Low,9,5.8,6
2020,DDoS Attack,SaaS,Low,20,6.7,18
2024,Zero-Day Vulnerability,SaaS,Medium,39,5.4,23
2024,DDoS Attack,PaaS,Low,6,7.0,3
2019,API Abuse,PaaS,Low,1,6.9,0
2019,Supply Chain Compromise,PaaS,Low,15,7.6,18
2019,Phishing,IaaS,Low,35,7.3,35
2023,Zero-Day Vulnerability,SaaS,Medium,47,4.3,47
2020,Malware Injection,SaaS,Medium,42,4.5,49
2021,DDoS Attack,SaaS,Low,47,8.6,59
2023,DDoS Attack,IaaS,High,74,4.7,89
2019,Malware Injection,IaaS,Medium,54,3.8,51
2020,Data Breach,PaaS,Low,39,8.7,23
2020,API Abuse,SaaS,Low,11,8.0,7
2020,Container Escape,IaaS,Medium,53,4.8,32
2023,Data Breach,IaaS,Low,8,9.0,8
2021,Phishing,IaaS,Low,1,8.5,0
2019,DDoS Attack,PaaS,Low,33,6.3,28
2023,Container Escape,SaaS,Medium,53,6.0,58
2024,Insider Threat,SaaS,High,56,2.1,40
2019,Misconfiguration,SaaS,Medium,55,6.8,56
2021,Zero-Day Vulnerability,SaaS,Low,5,7.0,6
2021,Zero-Day Vulnerability,IaaS,Medium,77,5.5,96
2023,Phishing,IaaS,Low,4,8.5,3
2023,Phishing,IaaS,High,56,2.6,24
2019,Data Breach,IaaS,Low,20,7.5,24
2020,Misconfiguration,PaaS,Low,50,8.0,33
2020,DDoS Attack,IaaS,Medium,65,5.5,74
2020,Data Breach,PaaS,Low,2,7.7,0
2020,Malware Injection,PaaS,Low,1,7.8,0
2021,Container Escape,IaaS,Medium,37,3.4,47
2024,Data Breach,SaaS,High,89,5.2,61
2024,DDoS Attack,PaaS,High,67,6.8,61
2019,Misconfiguration,IaaS,Medium,58,6.9,45
2019,Data Breach,PaaS,Medium,56,6.8,48
2021,Zero-Day Vulnerability,SaaS,High,86,2.5,94
2021,Data Breach,PaaS,Low,11,8.8,8
2021,Misconfiguration,IaaS,Medium,3,3.8,2
2024,Container Escape,PaaS,Medium,49,6.8,46
2024,Insider Threat,PaaS,Medium,14,1.5,6
2023,API Abuse,IaaS,High,43,1.0,39
2023,Malware Injection,PaaS,Medium,34,3.3,21
2023,API Abuse,IaaS,Medium,42,5.6,54
2020,DDoS Attack,PaaS,Medium,79,2.7,80
2020,Data Breach,SaaS,Medium,57,3.3,29
2023,Phishing,PaaS,Low,58,6.3,56
2023,DDoS Attack,IaaS,Low,36,4.7,23
2022,Zero-Day Vulnerability,PaaS,Low,34,5.9,20
2024,Misconfiguration,IaaS,Medium,28,5.0,24
2023,DDoS Attack,PaaS,Medium,70,3.5,41
2024,Container Escape,SaaS,Low,1,6.9,0
2022,Misconfiguration,PaaS,Medium,21,4.6,20
2022,Misconfiguration,IaaS,High,58,4.1,60
2019,Zero-Day Vulnerability,PaaS,Low,19,6.6,13
2021,DDoS Attack,SaaS,Low,37,7.2,34
2022,Data Breach,PaaS,Medium,29,8.7,12
2021,Insider Threat,IaaS,Medium,30,6.5,38
2019,Misconfiguration,SaaS,Medium,28,4.7,28
2022,API Abuse,IaaS,Low,8,6.9,7
2020,Misconfiguration,IaaS,Low,9,5.8,9
2024,Phishing,PaaS,Low,24,7.9,12
2022,Zero-Day Vulnerability,SaaS,Low,17,7.0,8
2024,Data Breach,PaaS,Medium,48,5.7,61
2022,DDoS Attack,PaaS,Low,40,6.6,26
2020,Malware Injection,PaaS,Low,33,8.9,22
2020,DDoS Attack,SaaS,Low,5,8.0,4
2023,Container Escape,IaaS,High,50,1.0,58
2021,DDoS Attack,SaaS,Medium,65,4.0,44
2022,Insider Threat,SaaS,High,52,4.9,28
2022,Insider Threat,SaaS,Medium,25,8.4,12
2019,Supply Chain Compromise,PaaS,Medium,71,5.3,33
2022,Data Breach,PaaS,Medium,45,4.8,49
2019,Supply Chain Compromise,PaaS,Medium,41,5.2,18
2020,Phishing,IaaS,Low,17,8.7,14
2022,Container Escape,IaaS,Low,52,9.0,54
2022,API Abuse,IaaS,Medium,53,7.2,61
2020,DDoS Attack,SaaS,Medium,46,5.2,42
2019,Supply Chain Compromise,IaaS,Medium,24,5.8,19
2021,Phishing,PaaS,High,44,2.7,33
2023,Insider Threat,IaaS,Medium,44,5.5,46
2022,Misconfiguration,PaaS,High,37,7.6,42
2019,DDoS Attack,IaaS,Low,57,7.6,39
2024,API Abuse,IaaS,Medium,40,8.2,16
2023,Phishing,SaaS,Low,30,6.9,21
2021,Insider Threat,PaaS,High,42,1.2,47
2019,Container Escape,SaaS,Medium,80,5.9,41
2019,Malware Injection,SaaS,Medium,24,6.2,18
2020,DDoS Attack,SaaS,Low,37,9.2,47
2021,API Abuse,IaaS,Low,10,5.3,12
2020,API Abuse,SaaS,Low,1,4.7,0
2020,Malware Injection,PaaS,High,81,4.3,67
2022,DDoS Attack,IaaS,High,33,6.4,16
2023,Insider Threat,SaaS,Medium,14,6.0,13
2024,Phishing,IaaS,Low,27,6.7,27
2020,Insider Threat,SaaS,Low,63,8.5,44
2024,Insider Threat,IaaS,Medium,44,4.9,24
2021,Data Breach,IaaS,Medium,34,5.3,39
2019,API Abuse,SaaS,Low,5,6.3,3
2021,Supply Chain Compromise,SaaS,Medium,46,5.9,57
2020,DDoS Attack,SaaS,Low,36,6.8,14
2021,Phishing,IaaS,Medium,3,4.2,3
2024,Insider Threat,IaaS,Low,36,7.0,16
2024,API Abuse,IaaS,Low,26,6.5,27
2020,Data Breach,PaaS,Medium,26,5.5,15
2020,Zero-Day Vulnerability,IaaS,Low,31,5.0,28
2019,Data Breach,PaaS,Low,26,8.1,27
2019,Insider Threat,IaaS,Low,48,7.2,46
2022,API Abuse,IaaS,High,80,3.4,35
2019,Insider Threat,IaaS,Medium,54,3.9,47
2019,Insider Threat,PaaS,High,33,1.9,14
2024,Zero-Day Vulnerability,PaaS,Low,23,7.0,24
2020,Misconfiguration,IaaS,Medium,22,4.1,10
2021,Misconfiguration,PaaS,Medium,58,3.7,62
2022,Supply Chain Compromise,PaaS,Low,27,6.2,34
2023,Phishing,IaaS,Medium,11,7.2,8
2022,Phishing,IaaS,Medium,35,5.9,35
2023,Phishing,SaaS,Low,48,9.5,47
2023,API Abuse,SaaS,High,55,7.6,46
2019,API Abuse,SaaS,Low,13,8.5,15
2023,Zero-Day Vulnerability,IaaS,Medium,34,3.6,28
2023,Data Breach,IaaS,Medium,44,5.7,30
2019,API Abuse,SaaS,Medium,46,4.3,47
2022,Supply Chain Compromise,SaaS,High,76,7.4,59
2023,Misconfiguration,IaaS,Medium,16,7.7,20
2021,Data Breach,SaaS,Low,36,6.0,28
2020,Supply Chain Compromise,IaaS,Medium,45,3.8,32
2020,Data Breach,IaaS,Low,17,7.6,19
2020,Phishing,PaaS,Low,18,7.3,11
2022,Zero-Day Vulnerability,SaaS,Low,17,8.1,11
2019,Container Escape,IaaS,Low,1,9.0,0
2019,Container Escape,IaaS,Medium,58,5.6,59
2022,Malware Injection,SaaS,High,64,4.8,78
2020,DDoS Attack,PaaS,Low,22,4.7,24
2022,Zero-Day Vulnerability,SaaS,Low,13,6.8,14
2024,Malware Injection,IaaS,Low,5,6.1,5
2023,Container Escape,IaaS,Low,51,9.5,30
2020,Data Breach,SaaS,Medium,38,6.9,49
2024,Phishing,IaaS,Low,35,5.9,17
2023,Zero-Day Vulnerability,IaaS,Low,43,10.0,49
2022,Zero-Day Vulnerability,SaaS,High,76,1.0,47
2021,Insider Threat,IaaS,Low,1,5.9,1
2022,Zero-Day Vulnerability,SaaS,Medium,59,7.9,27
2020,API Abuse,PaaS,Medium,27,7.2,33
2022,API Abuse,PaaS,Medium,43,4.4,22
2022,Misconfiguration,SaaS,High,40,4.9,17
2024,API Abuse,SaaS,Medium,53,3.8,33
2024,Data Breach,IaaS,Low,37,6.7,39
2023,Misconfiguration,PaaS,High,56,1.7,22
2023,Phishing,PaaS,Low,37,7.2,36
2023,Insider Threat,PaaS,Medium,43,6.5,37
2022,Misconfiguration,SaaS,Low,30,8.3,36
2022,Zero-Day Vulnerability,SaaS,Low,55,5.4,43
2019,API Abuse,IaaS,High,3,1.7,3
2019,Misconfiguration,SaaS,High,58,3.8,40
2021,Misconfiguration,IaaS,Low,26,9.0,26
2023,Supply Chain Compromise,IaaS,Low,59,7.6,28
2022,Malware Injection,SaaS,Low,1,7.4,0
2022,API Abuse,IaaS,Medium,46,4.4,53
2022,API Abuse,SaaS,Low,7,8.1,3
2020,Data Breach,SaaS,Medium,22,7.5,24
2021,Container Escape,PaaS,Medium,29,3.9,24
2020,DDoS Attack,PaaS,Low,34,8.0,33
2022,Supply Chain Compromise,PaaS,Low,56,6.5,42
2023,Data Breach,PaaS,Low,29,8.2,31
2019,Misconfiguration,PaaS,High,69,4.4,74
2022,Malware Injection,SaaS,Low,12,3.5,9
2019,Container Escape,SaaS,Medium,95,3.1,50
2019,Supply Chain Compromise,PaaS,Medium,73,5.2,46
2023,Insider Threat,SaaS,Medium,56,7.2,28
2020,Malware Injection,PaaS,Low,34,6.9,23
2019,DDoS Attack,PaaS,Low,21,6.1,27
2020,Container Escape,IaaS,Medium,48,4.8,49
2022,Supply Chain Compromise,SaaS,Low,25,7.0,14
2024,Container Escape,SaaS,Medium,54,4.6,41
2023,Misconfiguration,PaaS,Low,9,8.5,10
2024,Insider Threat,PaaS,High,63,4.6,28
2019,Container Escape,SaaS,Low,1,9.8,0
2022,Container Escape,IaaS,Low,56,6.8,64
2019,API Abuse,PaaS,High,48,6.5,37
2020,Misconfiguration,PaaS,Medium,27,6.2,30
2019,Misconfiguration,PaaS,Low,22,8.2,23
2019,Supply Chain Compromise,IaaS,Medium,67,4.7,58
2022,Insider Threat,PaaS,Medium,36,4.2,46
2023,Phishing,PaaS,Medium,35,7.3,24
2021,Data Breach,IaaS,Low,13,7.2,14
2023,API Abuse,IaaS,Medium,23,6.4,19
2022,Container Escape,IaaS,High,85,2.5,48
2021,Insider Threat,PaaS,Low,10,7.2,10
2021,Phishing,IaaS,Medium,6,4.3,6
2023,Malware Injection,SaaS,Low,24,7.3,12
2019,DDoS Attack,IaaS,Medium,72,7.4,52
2024,Zero-Day Vulnerability,IaaS,Medium,25,2.4,21
2024,Phishing,SaaS,Medium,49,4.3,55
2019,Malware Injection,PaaS,Low,33,6.5,31
2022,API Abuse,PaaS,Low,8,4.1,7
2023,Insider Threat,IaaS,Low,18,8.8,23
2021,Zero-Day Vulnerability,SaaS,Low,70,7.0,56
2024,Phishing,IaaS,Low,1,8.3,0
2022,Data Breach,IaaS,Medium,17,2.9,15
2020,Misconfiguration,PaaS,Medium,29,7.0,32
2024,DDoS Attack,PaaS,Medium,24,4.7,11
2019,DDoS Attack,PaaS,Low,39,8.8,25
2019,Data Breach,PaaS,High,104,3.2,133
2022,Supply Chain Compromise,IaaS,High,44,3.5,29
2024,Supply Chain Compromise,IaaS,Medium,21,8.3,24
2021,DDoS Attack,IaaS,Medium,54,5.6,58
2019,Container Escape,IaaS,Medium,60,3.5,32
2019,Misconfiguration,SaaS,Low,1,7.5,1
2021,Data Breach,SaaS,Low,42,6.3,34
2021,DDoS Attack,SaaS,High,80,3.7,102
2023,DDoS Attack,PaaS,High,71,2.8,84
2023,Phishing,IaaS,Low,1,7.3,0
2024,Data Breach,SaaS,Medium,73,3.8,37
2023,Data Breach,PaaS,Low,22,8.5,9
2020,Malware Injection,IaaS,Low,7,9.6,5
2020,Malware Injection,PaaS,High,46,1.7,47
2020,Supply Chain Compromise,PaaS,Medium,76,5.6,48
2023,Misconfiguration,IaaS,Low,8,6.9,3
2022,Data Breach,PaaS,Low,48,8.8,25
2020,Supply Chain Compromise,PaaS,Low,20,10.0,19
2021,Container Escape,PaaS,Low,19,10.0,12
2023,Phishing,SaaS,Medium,30,8.1,23
2022,Zero-Day Vulnerability,PaaS,Low,50,6.0,31
2023,Misconfiguration,PaaS,Low,6,4.6,5
2023,Misconfiguration,SaaS,High,9,5.8,7
2020,API Abuse,SaaS,Low,14,7.0,9
2019,Insider Threat,IaaS,Medium,22,6.2,27
2019,Zero-Day Vulnerability,PaaS,Medium,63,4.9,58
2019,Data Breach,SaaS,Low,13,6.5,14
2019,API Abuse,IaaS,Low,9,4.9,6
2024,Supply Chain Compromise,IaaS,Medium,68,6.2,37
2024,Supply Chain Compromise,PaaS,Medium,57,8.6,50
2024,Zero-Day Vulnerability,PaaS,Low,34,9.1,25
2020,Data Breach,SaaS,Low,48,5.9,57
2022,Malware Injection,IaaS,Medium,92,6.1,69
2022,API Abuse,PaaS,High,41,1.7,43
2022,Insider Threat,SaaS,Medium,8,4.3,3
2020,API Abuse,PaaS,Medium,30,3.5,21
2023,Insider Threat,PaaS,Medium,28,5.6,22
2024,Malware Injection,SaaS,Medium,47,7.0,57
2019,API Abuse,IaaS,Medium,41,6.4,53
2022,API Abuse,SaaS,Low,11,8.7,11
2024,Supply Chain Compromise,PaaS,Low,43,9.2,17
2019,Data Breach,PaaS,Medium,56,2.8,59
2020,Zero-Day Vulnerability,PaaS,Medium,64,6.5,65
2024,Misconfiguration,PaaS,Low,36,8.3,29
2023,Supply Chain Compromise,IaaS,Medium,61,5.7,58
2022,DDoS Attack,PaaS,Low,17,5.8,19
2019,Misconfiguration,SaaS,Medium,47,5.5,57
2021,Insider Threat,IaaS,High,46,2.5,18
2021,Misconfiguration,PaaS,Low,1,6.9,0
2020,Insider Threat,IaaS,High,94,1.7,80
2019,Supply Chain Compromise,IaaS,High,62,3.8,41
2021,Insider Threat,SaaS,Low,2,7.1,1
2021,Supply Chain Compromise,SaaS,Medium,49,6.9,54
2023,Container Escape,IaaS,Medium,31,4.9,34
2022,Malware Injection,IaaS,Low,1,9.5,0
2020,Misconfiguration,IaaS,Medium,45,3.8,36
2021,API Abuse,PaaS,Low,23,6.8,15
2019,Insider Threat,IaaS,Low,16,10.0,14
2024,Zero-Day Vulnerability,PaaS,High,60,1.0,32
2024,Container Escape,IaaS,Low,32,10.0,35
2023,API Abuse,SaaS,Low,16,7.5,14
2022,Malware Injection,IaaS,Low,12,8.8,9
2022,Phishing,PaaS,Low,9,8.1,9
2024,Supply Chain Compromise,IaaS,Low,9,7.2,4
2022,Insider Threat,SaaS,Medium,69,9.2,87
2023,Zero-Day Vulnerability,IaaS,Low,53,6.6,37
2019,Misconfiguration,PaaS,Medium,45,5.1,52
2022,DDoS Attack,SaaS,Medium,23,2.9,28
2021,Malware Injection,SaaS,Low,26,5.8,30
2021,Malware Injection,SaaS,High,62,4.0,33
2023,Supply Chain Compromise,SaaS,Low,45,6.6,30
2021,Malware Injection,PaaS,Medium,39,5.9,16
2020,Misconfiguration,SaaS,High,46,4.4,58
2022,Data Breach,IaaS,Medium,37,4.9,42
2020,Zero-Day Vulnerability,IaaS,Low,60,6.1,29
2024,Supply Chain Compromise,PaaS,Medium,32,4.3,31
2019,Insider Threat,IaaS,Low,14,5.6,8
2021,Misconfiguration,PaaS,Low,46,7.6,39
2021,Data Breach,SaaS,Medium,39,5.1,17
2024,Data Breach,SaaS,Medium,56,7.1,60
2024,Supply Chain Compromise,PaaS,Low,27,4.3,11
2021,Phishing,IaaS,Low,10,7.9,9
2022,Malware Injection,PaaS,Low,5,6.0,3
2021,Phishing,SaaS,Low,1,7.6,0
2024,Phishing,IaaS,Low,2,6.8,0
2024,Malware Injection,IaaS,Low,22,7.4,22
2019,Zero-Day Vulnerability,PaaS,Low,12,7.8,9
2023,Supply Chain Compromise,SaaS,Low,8,8.8,9
2021,Zero-Day Vulnerability,IaaS,Low,13,7.6,16
2023,Zero-Day Vulnerability,IaaS,Low,34,6.7,15
2024,Phishing,SaaS,Low,1,6.2,0
2022,API Abuse,SaaS,Low,20,9.9,17
2022,Insider Threat,IaaS,High,67,4.5,79
2019,Phishing,IaaS,Medium,56,3.1,36
2020,Insider Threat,SaaS,High,56,1.4,66
2022,DDoS Attack,PaaS,Medium,70,4.8,32
2022,Phishing,IaaS,High,68,4.7,86
2022,Phishing,IaaS,Low,1,9.6,0
2019,API Abuse,IaaS,Medium,42,5.7,52
2020,Data Breach,SaaS,Low,13,7.9,12
2019,Data Breach,PaaS,Low,37,2.5,16
2023,Insider Threat,SaaS,High,77,7.1,39
2023,Malware Injection,IaaS,Medium,79,3.3,67
2020,Misconfiguration,SaaS,High,47,1.0,45
2019,Supply Chain Compromise,IaaS,Medium,72,6.6,43
2019,Phishing,IaaS,Medium,48,8.6,30
2023,Container Escape,IaaS,Medium,14,6.1,9
2019,Malware Injection,IaaS,Medium,52,4.7,66
2021,Data Breach,IaaS,Medium,54,5.0,36
2022,Data Breach,SaaS,Medium,53,2.0,64
2019,Malware Injection,IaaS,Medium,19,6.0,22
2020,Malware Injection,IaaS,High,62,1.3,68
2022,Misconfiguration,SaaS,Low,39,7.3,44
2024,DDoS Attack,PaaS,Medium,68,4.9,43
2019,Phishing,IaaS,Low,1,8.3,1
2021,Data Breach,SaaS,High,66,6.2,30
2023,Phishing,PaaS,Low,1,7.1,0
2021,Data Breach,PaaS,High,80,5.7,42
2020,Container Escape,SaaS,Medium,23,8.7,13
2020,Insider Threat,PaaS,Medium,63,7.8,63
2022,Insider Threat,IaaS,Low,43,5.0,38
2019,DDoS Attack,IaaS,Medium,75,5.2,59
2024,Insider Threat,IaaS,Medium,58,4.5,40
2022,DDoS Attack,IaaS,High,69,5.8,83
2022,Data Breach,PaaS,Medium,55,2.1,53
2023,Data Breach,SaaS,Low,48,7.1,37
2020,Container Escape,IaaS,Low,34,6.7,29
2022,Supply Chain Compromise,SaaS,High,86,1.5,101
2022,API Abuse,PaaS,Low,23,8.7,19
2021,Malware Injection,PaaS,Low,52,7.1,21
2020,Phishing,SaaS,Low,10,6.6,11
2024,Misconfiguration,IaaS,Low,4,7.2,2
2021,Malware Injection,IaaS,High,54,5.4,51
2023,Data Breach,PaaS,Low,34,10.0,13
2024,Zero-Day Vulnerability,PaaS,Medium,50,5.7,32
2022,Misconfiguration,PaaS,Low,22,9.6,21
2024,Malware Injection,SaaS,Low,2,9.3,2
2019,DDoS Attack,SaaS,Low,25,6.0,20
2020,Supply Chain Compromise,PaaS,Medium,63,4.0,77
2019,Phishing,PaaS,Medium,57,6.5,70
2020,Malware Injection,IaaS,Low,24,5.1,22
2023,API Abuse,PaaS,Low,9,8.2,8
2022,API Abuse,IaaS,High,91,2.3,105
2021,Phishing,PaaS,Low,1,7.5,0
2022,Container Escape,SaaS,Medium,67,7.7,27
2022,Zero-Day Vulnerability,PaaS,Low,25,9.7,11
2023,Misconfiguration,PaaS,Medium,31,7.2,37
2019,API Abuse,PaaS,Low,21,9.6,11
2023,Data Breach,IaaS,Low,3,8.3,2
2021,Supply Chain Compromise,IaaS,High,104,5.2,99
2024,Phishing,SaaS,Low,26,3.6,23
2020,Container Escape,IaaS,Low,15,6.4,9
2020,API Abuse,PaaS,Medium,1,5.2,1
2021,Zero-Day Vulnerability,SaaS,Low,20,7.2,10
2022,Container Escape,SaaS,Low,15,6.5,14
2022,Insider Threat,PaaS,Medium,1,4.1,0
2022,Insider Threat,PaaS,Low,1,6.7,1
2020,DDoS Attack,PaaS,Low,46,6.4,50
2020,DDoS Attack,PaaS,Low,22,5.9,10
2019,Zero-Day Vulnerability,PaaS,High,89,1.4,62
2023,Insider Threat,PaaS,Low,36,8.5,40
2021,Zero-Day Vulnerability,PaaS,Low,28,9.9,25
2022,DDoS Attack,IaaS,High,90,3.3,71
2023,Malware Injection,PaaS,High,47,4.0,34
2023,Insider Threat,SaaS,Low,17,9.5,18
2020,Phishing,IaaS,Medium,11,5.1,6
2023,Container Escape,IaaS,Medium,37,5.2,40
2022,Misconfiguration,IaaS,Low,57,7.3,43
2021,Data Breach,IaaS,High,70,4.5,68
2023,DDoS Attack,SaaS,High,96,1.0,70
2023,Zero-Day Vulnerability,PaaS,Low,49,8.2,27
2022,Misconfiguration,SaaS,Medium,51,5.2,20
2021,Insider Threat,PaaS,Low,22,8.1,15
2021,Data Breach,SaaS,High,91,3.1,48
2022,Phishing,PaaS,Low,8,8.1,5
2024,DDoS Attack,SaaS,Low,22,5.8,13
2020,Data Breach,IaaS,Low,39,7.4,20
2019,Phishing,PaaS,Low,13,6.0,12
2020,Container Escape,PaaS,High,75,5.6,43
2019,DDoS Attack,IaaS,High,103,4.9,107
2022,Supply Chain Compromise,SaaS,High,62,3.1,70
2022,Data Breach,SaaS,High,86,3.1,45
2021,API Abuse,SaaS,Medium,34,6.1,40
2023,Data Breach,IaaS,Medium,36,4.3,40
2019,DDoS Attack,PaaS,Low,48,9.1,50
2023,Misconfiguration,IaaS,Low,44,8.9,25
2022,Data Breach,PaaS,Low,54,8.5,44
2020,Misconfiguration,PaaS,Medium,38,7.3,24
2023,Phishing,IaaS,High,52,2.1,44
2020,API Abuse,PaaS,Low,1,6.8,0
2021,Zero-Day Vulnerability,IaaS,High,68,4.8,28
2019,API Abuse,PaaS,Medium,60,6.6,66
2023,Phishing,PaaS,Medium,50,7.5,20
2019,Malware Injection,PaaS,Medium,48,8.4,50
2020,API Abuse,PaaS,High,75,3.7,75
2023,Supply Chain Compromise,PaaS,Low,53,9.7,23
2024,Phishing,IaaS,Low,1,5.3,1
2022,API Abuse,PaaS,Low,20,5.8,10
2021,API Abuse,SaaS,Low,35,5.2,31
2020,Data Breach,PaaS,Low,38,7.3,36
2022,API Abuse,PaaS,Medium,60,6.0,42
2021,API Abuse,IaaS,Low,38,6.6,45
2024,Zero-Day Vulnerability,IaaS,Medium,60,5.6,46
2022,Data Breach,IaaS,Low,24,6.3,21
2024,API Abuse,PaaS,Medium,47,8.1,30
2020,Misconfiguration,IaaS,Low,28,6.3,33
2023,Zero-Day Vulnerability,SaaS,Medium,46,7.9,25
2021,Malware Injection,IaaS,High,75,2.3,39
2023,Insider Threat,PaaS,High,68,1.6,73
2021,Misconfiguration,SaaS,Low,1,4.1,1
2019,Data Breach,SaaS,Low,4,7.8,4
2022,Supply Chain Compromise,PaaS,High,102,5.5,62
2024,Supply Chain Compromise,IaaS,Medium,46,8.2,53
2019,Misconfiguration,SaaS,Low,14,5.8,10
2022,Insider Threat,IaaS,Medium,36,5.4,41
2022,DDoS Attack,PaaS,Medium,70,8.8,53
2022,Phishing,PaaS,Medium,45,4.2,21
2021,DDoS Attack,PaaS,Medium,76,5.2,45
2023,Phishing,IaaS,Medium,1,6.1,1
2020,Malware Injection,SaaS,Low,6,7.5,5
2022,Zero-Day Vulnerability,IaaS,Medium,46,5.2,55
2022,Container Escape,PaaS,Low,33,6.1,40
2021,Data Breach,PaaS,Low,18,6.7,7
2023,Container Escape,PaaS,High,88,5.1,65
2023,Data Breach,PaaS,High,41,2.3,51
2024,API Abuse,IaaS,Medium,57,4.9,48
2021,API Abuse,IaaS,Medium,36,5.4,35
2021,Phishing,SaaS,Medium,35,8.5,45
2019,Supply Chain Compromise,PaaS,Medium,11,5.1,7
2019,Zero-Day Vulnerability,SaaS,High,51,1.1,39
2020,Container Escape,SaaS,Medium,46,5.8,35
2019,DDoS Attack,SaaS,Low,10,5.6,9
2022,Container Escape,SaaS,Medium,47,5.4,27
2020,Phishing,SaaS,Low,1,8.0,1
2022,API Abuse,SaaS,Low,32,8.3,19
2020,Insider Threat,SaaS,Medium,36,8.5,44
2021,Container Escape,SaaS,Low,37,7.0,33
2020,Container Escape,IaaS,High,69,2.4,82
2024,API Abuse,SaaS,Medium,60,7.5,76
2021,Misconfiguration,SaaS,Medium,25,5.1,10
2024,Zero-Day Vulnerability,PaaS,High,88,4.0,88
2019,Zero-Day Vulnerability,IaaS,Low,57,6.9,66
2021,Container Escape,IaaS,Medium,83,8.8,97
2022,Phishing,SaaS,Low,38,9.5,41
2020,Malware Injection,PaaS,Low,37,6.4,45
2021,Container Escape,PaaS,Medium,26,5.2,15
2024,Insider Threat,SaaS,High,66,6.3,59
2019,Insider Threat,IaaS,High,50,8.5,39
2024,DDoS Attack,PaaS,Medium,46,1.8,22
2023,API Abuse,PaaS,Low,31,6.9,15
2024,Misconfiguration,PaaS,Medium,38,7.2,49
2022,DDoS Attack,IaaS,Low,46,8.5,54
2024,Malware Injection,PaaS,Low,8,5.1,8
2022,Phishing,IaaS,Medium,38,3.8,39
2022,API Abuse,IaaS,Low,29,4.3,23
2024,Supply Chain Compromise,IaaS,High,109,4.4,137
2022,Insider Threat,SaaS,Low,20,9.1,15
2023,Container Escape,SaaS,Medium,46,3.8,35
2022,Data Breach,IaaS,Medium,53,4.7,39
2024,Insider Threat,IaaS,Low,20,8.6,10
2022,Supply Chain Compromise,PaaS,High,49,6.8,49
2024,Container Escape,IaaS,Low,31,8.2,22
2024,Phishing,PaaS,Low,55,7.4,46
2023,Misconfiguration,IaaS,Low,22,7.7,19
2020,DDoS Attack,IaaS,Low,36,9.1,24
2020,API Abuse,PaaS,Low,1,7.0,1
2020,DDoS Attack,SaaS,Low,11,6.3,12
